camisa_bart,calca_bart,tenis_bart,camisa_homer,calca_homer,tenis_homer,class
81.41252974819048,72.31873892705818,80.85171612278863,109.1833320612629,88.89319434017432,36.46916505762094,bart
22.58317958127243,168.15469068687915,174.68543156199374,197.28912793157153,193.25113195011303,47.095647357266465,bart
74.22937423958254,133.34541611919025,141.30109695257147,117.6860229593982,107.0,29.49576240750525,bart
97.15966241192895,148.8959368149447,158.50867484147358,201.8192260415246,142.7935572776307,41.892720131306824,bart
81.36952746575342,84.6817571853584,89.73293709669822,233.25093783305567,120.66896867049125,51.176166327695945,bart
74.00675644831355,113.36225121265015,123.15843454672522,179.98333256165694,105.17128885774862,66.37017402418047,bart
75.32595834106593,120.57362895757927,129.71121771072848,212.67110758163648,126.48320046551636,34.92849839314596,bart
77.94228634059948,138.36907168872673,147.2582765076381,100.1049449328054,95.05787710652916,34.336569426778794,bart
82.89752710425083,152.63354808167173,162.22823428737675,201.16162655934158,145.42008114424914,27.331300737432898,bart
33.63034344160047,130.4645545732633,139.11865439257238,101.40019723846694,86.78133439859057,41.15823125451335,bart
123.70933675353692,59.43904440685432,64.35837163881635,183.0327839486686,100.56341282991544,44.15880433163923,bart
58.83026432033091,114.21908772179893,124.16521251944927,160.2404443328837,96.1041102138717,44.69899327725402,bart
62.12889826803627,96.54532614269839,102.22524150130437,88.40814442120137,103.9471019317037,64.66838485689897,bart
84.5103543951864,136.1506518530117,146.08901396066713,171.27171395183737,119.9458211026962,32.38826948140329,bart
81.51073548925933,103.78824596263297,110.3585066952249,197.73972792537162,132.74788133902553,41.6293165929973,bart
72.40165743959182,135.78659727675628,145.2205219657332,208.4346420343797,135.60235986147143,20.904544960366874,bart
80.36790404135223,159.74354447050436,169.48451256678294,187.77380008936285,145.86980496319313,29.478805945967352,bart
62.68173577685928,149.24476540234167,157.7244432546839,84.00595217006948,101.95096860746347,40.26164427839479,bart
61.87891401761993,137.58633653092156,147.47542168103809,75.49834435270749,105.152270541344,81.03085831953157,bart
58.01723881744115,83.66600265340756,91.97282207261013,212.1720999566154,101.24228365658294,61.75759062657804,bart
80.38034585643433,153.6522046701576,163.29727493133498,199.87496091306684,145.7017501610739,27.03701166919155,bart
58.360945845659494,78.14089838234521,85.18802732778826,224.1450423275072,104.95713410721541,67.83067152844649,bart
59.08468498688979,102.17631819555841,107.12142642814275,76.95453203028396,88.43641783790206,70.7248188403477,bart
69.77105417004964,35.679125549822544,41.593268686170845,182.08239892971534,79.51729371652434,35.185224171518364,bart
88.32893070789434,143.71151658792,152.4663897388536,93.66963221877195,98.75727821279807,53.59104402789705,bart
72.06247289678588,142.76203977248295,152.0328911781921,111.45402639653715,103.39729203417274,71.51922818375489,bart
83.15647900193947,68.70953354520753,76.3544366752843,105.66456359631643,90.9945053286186,50.049975024968795,bart
56.39148871948674,160.00624987793447,169.55530071336608,201.5663662419899,151.30102445125743,35.24202037341219,bart
88.57200460642177,133.75724279454926,143.34573589751457,127.1770419533337,100.00499987500625,45.35416188179427,bart
76.50490180374065,149.248115565993,157.92086625902226,187.57931655702342,137.34991809244008,56.753854494650845,bart
80.68457101577724,71.53320907103218,79.5361553005927,123.47064428438041,84.91171886141512,34.828149534535996,bart
54.57105459856901,110.0272693471941,118.73078791956196,189.21152184790438,115.95688854052612,76.71375365604267,bart
96.95359714832658,152.20381072758985,161.90429271640699,197.6486782146544,143.68716017793656,53.53503525729669,bart
66.47555941848101,100.91580649234291,109.2291169972549,110.91438139393827,91.32907532653553,43.977266854592045,bart
56.60388679233962,93.02687783646186,102.80564186852781,147.28543716199508,68.9492567037528,64.66838485689897,bart
96.48315915225828,97.71898484941399,106.92988356862641,196.596032513375,101.87737727287643,68.42514157822401,bart
71.2320152740325,163.17781711985242,173.08957218735046,174.48782192462602,143.72543268329375,55.87486017879597,bart
61.02458520956943,114.21908772179893,124.16521251944927,160.2404443328837,96.1041102138717,44.93328387732194,bart
77.83957862167549,87.18371407550839,94.81561052906846,209.2486559096617,111.9866063420086,52.507142371300304,bart
66.34003316248794,113.74093370462545,123.5556554755791,178.75122377203465,104.86658190291128,30.886890422961002,bart
68.1248853210044,111.0810514894417,117.25186565679883,188.1010366797589,142.15836239912164,48.104053883222775,bart
64.22616289332565,119.50732195141852,129.41792766073794,156.77691156544702,99.20685460188726,46.2709412050371,bart
83.10836299675262,90.47651629014017,97.14422267947796,180.0499930574839,120.93800064495858,24.677925358506133,bart
45.044422518220834,150.60212481900777,160.4431363443136,145.62280041257276,122.64175471673585,44.73253849269008,bart
80.65977932030313,86.16843969807043,91.07140056021979,231.12550703027134,122.78029157808675,69.2314957226839,bart
76.71375365604267,125.0799744163709,132.95864018558552,160.80733814101893,130.82430966758434,51.980765673468106,bart
68.36665854054884,147.25488107359973,156.9044295104507,78.79086241436883,103.25211862233142,40.95119045888654,bart
58.01723881744115,83.66600265340756,91.97282207261013,212.1720999566154,101.24228365658294,62.00806399170998,bart
77.54353615872827,114.02192771568107,121.05370708904374,119.87493482792806,107.29864864013899,85.75546629807339,bart
62.8728876384726,151.71025014810306,158.12336955681155,86.13361713059541,108.80257349897566,69.00724599634447,bart
57.463031594234565,73.56629663099808,83.10836299675262,93.02150289046077,80.1373820385967,50.96076922496363,bart
86.16843969807043,102.26436329435587,111.44954015158609,203.5165840908303,108.89444430272832,41.41255848169731,bart
98.48350115628506,131.73078607523755,141.01772938180503,211.61285405192191,134.06341782902598,27.80287754891569,bart
67.94115100585212,107.34057946554975,112.43220179290273,195.7396229688818,143.91664254004817,53.23532661682466,bart
96.73675619949223,150.1565849371915,159.81239000778382,200.1649319935937,143.09786860746738,48.76474136094644,bart
79.01898506055365,72.47068372797375,80.8146026408594,115.0782342582645,87.14355971613737,36.41428291206625,bart
88.9325587172662,109.73149046650191,119.49058540320237,177.341478509682,100.90094152187085,33.66006535941367,bart
58.01723881744115,82.72242743053422,91.10433579144299,210.51840774621112,99.66443698732262,47.275786614291256,bart
84.29709366283039,100.84641788382967,110.78357278947091,165.1817181167456,86.94826047713663,79.73079706111058,bart
34.36568055487916,110.93241185514718,118.3934119788766,198.6881979383778,133.5889216963742,45.35416188179427,bart
30.14962686336267,119.64530914331745,129.46041866145808,45.71651780264984,100.62305898749054,22.181073012818835,bart
66.91038783328041,105.08092119885512,114.70396680150168,136.2240801033356,74.91328320131217,40.620192023179804,bart
63.63961030678928,130.11149065320865,139.30541985149034,113.69256791892775,91.09884741312592,34.14674215792775,bart
61.237243569579455,123.75378782081783,133.19159132617943,203.58290694456645,124.43873994861889,35.888716889852724,bart
63.20601237224193,88.48163651289458,98.31581764904364,111.476454913134,83.77947242612596,36.76955262170047,bart
65.28399497579785,146.5162107072115,155.19020587653074,90.29950165975447,100.78194282707592,72.56721022610694,bart
91.97282207261013,106.34378214075329,111.95534824205586,192.41881404893857,140.60227594174995,51.146847410177685,bart
43.05810028322197,90.47651629014017,100.18482919085105,174.1866814656046,83.40263784797217,54.59853477887479,bart
93.0,140.9432509913121,149.83324063771698,227.8903244984306,147.9019945774904,30.54504869860253,bart
58.80476171195663,119.78313737751236,127.19669807035086,184.48306155308677,133.46535130886969,58.56620185738529,bart
75.81556568409947,104.02403568406679,109.48059188732951,191.4210019825411,139.14381049834736,49.82971001320397,bart
23.68543856465402,165.3934702459562,172.29045243425418,42.02380277890139,110.92790451459904,74.89325737341113,bart
47.74934554525329,147.13599151805107,155.71127126833176,90.74139077620532,104.62791214585141,62.77738446287803,bart
60.83584469702052,129.48358969382954,139.31618714277246,143.8923208513922,102.59629622944485,41.012193308819754,bart
79.23383115816122,113.42398335449165,123.13407326974935,140.73379125142617,85.81957818586619,17.72004514666935,bart
59.016946718718,86.91950298983537,95.79144011862438,208.22583893455683,101.01980003939822,46.61544808322666,bart
55.72252686302013,141.40014144264495,150.48255712872506,104.7902667235846,99.81983770774224,31.78049716414141,bart
31.701734968294716,114.73011810331235,122.19656296312102,196.72315572906,137.0875632579411,44.609416046390926,bart
51.11751167652823,151.52887513606112,161.1148658566304,189.45711915892736,139.89639023220005,42.731721238442994,bart
67.31270311018568,103.4842983258813,109.77249200050075,184.2552577268828,134.68110483657313,76.89603370785778,bart
57.89645930452051,94.40338976964757,104.20652570736632,148.08443537387717,70.8660708661063,35.35533905932738,bart
59.07622195096772,112.47221879201993,122.24974437601087,184.84858668650946,106.81760154581266,32.38826948140329,bart
59.841457201508724,126.76750372236569,135.56179402766844,102.96115772464877,83.12640976248163,11.74734012447073,bart
58.82176467941097,113.38430226446692,120.24558203942463,156.97452022541748,140.09282636880448,9.1104335791443,bart
73.06846104852626,109.20622692868754,116.26263372210352,225.1954706471691,134.70708964267618,57.87054518492115,bart
82.12794895770867,131.32402674301454,138.23530663329106,199.01004999748127,156.5439235486322,30.757112998459398,bart
55.59676249567055,125.29964086141668,134.621692159919,121.77438154226036,89.27485648266257,57.645468165329355,bart
37.69615364994153,134.8517704741024,143.5060974314332,193.25113195011303,144.86200329969208,63.89835678638379,bart
79.02531240052139,143.3666627915988,152.09536482089123,93.06449376641986,98.20386957752734,70.12845356914696,bart
44.02272140611028,130.09611831257686,137.2953021774598,101.25709851659784,99.24716620639605,62.112800613078136,bart
84.74668135095321,68.70953354520753,76.3544366752843,106.83164325236227,90.27735042633894,49.85980344927164,bart
85.72630868059116,149.8866238194723,159.71537183377185,187.11761007451972,137.68079023596573,46.88283267892417,bart
86.59676668328905,141.8344104933637,150.8708056583513,103.01456207740729,99.68450230602548,56.83308895353129,bart
54.46099521676041,109.4440496326776,118.46096403457132,178.89102828258325,117.72000679578642,27.92848008753788,bart
77.78817390837762,131.190700889964,139.44174410842686,114.59057552870567,104.7377677822093,33.61547262794322,bart
67.54257916307313,41.0,49.05099387372289,79.40403012442127,73.62744053679987,63.694583757176716,bart
56.60388679233962,93.01075206662937,102.80077820717118,147.83098457360012,69.28924880528002,44.598206241955516,bart
68.19090848492928,99.44847912361456,109.05503197927182,173.62315513778685,90.44335243676011,43.88621651498338,bart
100.174847142384,192.64734620544348,199.35395656971548,264.9037561077608,215.96990531090205,21.93171219946131,bart
27.23967694375247,171.283390905248,180.61284561182242,164.69061904067274,147.2345068249967,76.68115805072325,bart
82.83115355951527,72.06247289678588,80.53570636680354,109.73604694903129,89.5488693395958,36.069377593742864,bart
43.18564576337837,128.80217389469792,136.57598617619425,103.52777405121778,87.06893820416096,11.224972160321824,bart
65.0384501660364,115.33429672044652,120.6358155772986,101.31633629380802,118.76868274086398,59.21992907797171,bart
53.54437412091022,106.44247272588137,113.08846094982458,158.0063289871643,135.01851724856112,14.035668847618199,bart
108.2081327812286,125.27569596693526,135.1776608763445,176.11643875572773,113.02212172844747,45.8475735453906,bart
99.88493379884676,152.354848954669,160.66735822811054,198.7183937133148,144.22898460434365,56.16938667993447,bart
60.00833275470999,185.9085796836714,193.85561637466168,188.403821617291,175.93464695732902,56.96490147450446,bart
48.093658625644196,129.1665591397402,138.08330818748513,108.52188719332152,88.05679985100527,35.86084215408221,bart
79.88116173416608,86.98275691193054,94.76813810558906,210.85065804972012,110.70682002478438,45.0,bart
51.70106381884226,106.83164325236227,113.28724553099524,233.03647783126144,136.39281506003167,39.50949253027682,bart
61.97580172938467,115.25623627379127,124.84790747145104,193.25889371514057,113.19893992436502,39.20459156782532,bart
65.95452979136459,94.85778829384543,104.71389592599446,151.3241553751416,73.33484846919642,32.863353450309965,bart
63.796551630946325,94.74175425861608,104.58967444255671,152.6597523907333,74.06753674856482,33.015148038438355,bart
76.18398781896364,87.52713864853574,96.67471230885562,175.82661914511124,90.22749026765624,28.61817604250837,bart
73.40980860893181,96.33794683301072,100.22973610660661,200.85318020882815,109.7679370308106,40.620192023179804,bart
62.57795138864806,88.10221336606703,92.54728521139883,89.37561188601732,103.29085148259743,62.96824596572466,bart
58.360945845659494,105.99056561788883,115.15641536623133,207.14004924205267,113.37548235840057,47.391982444291145,bart
57.28874234961002,90.80748867797193,96.44169222903547,116.15937327654622,91.62968951164245,42.532340636273474,bart
63.35613624582863,120.0,129.93459893346343,170.3907274472411,105.97169433391164,40.620192023179804,bart
81.01234473831751,146.08901396066713,155.93909067324972,89.78307190111062,101.62676812730001,69.23871749245504,bart
67.7347768875044,109.27030703718188,119.07560623402259,157.19096666157378,89.94442728707543,39.319206502675,bart
72.34638899074369,96.22369770487933,104.6709128650362,212.71107164414363,109.67679791095289,17.72004514666935,bart
47.968739820845826,59.87486951969081,64.45153217728807,205.54804791094466,102.00490184299969,46.16275555033516,bart
54.24020648928247,97.42176348229383,107.144761887831,157.53729717117784,79.50471684120383,32.449961479175904,bart
64.7533782902483,147.00340132119393,155.746589047722,92.13576938409967,101.83319694480774,72.09715667070374,bart
54.89080068645383,102.6352765865616,107.09341716464182,135.1332675546625,75.52483035399682,25.98076211353316,bart
67.42403132415029,145.2101924797292,152.6466507985026,173.89077031286047,137.84411485442533,59.21148537234985,bart
74.76630257007497,152.12166183683374,157.96835126062436,86.20904824900923,106.38138934982942,51.24451190127583,bart
63.190189111918315,80.30566605165541,90.1443287178955,155.44774041458436,61.71709649683789,26.153393661244042,bart
64.59876159803684,121.40428328522844,127.62444906835053,115.47294055318761,93.17188417113823,35.73513677041127,bart
61.04096984812741,140.360250783475,145.67772650614782,79.56129712366435,109.42120452636226,68.86218120274728,bart
70.51950084905593,96.031244915392,104.36953578511309,214.71143425537448,110.64357188738983,36.45545226711637,bart
53.03772242470448,137.35355838128112,146.94556815365343,126.82665335015349,103.42146779078317,67.07458535093602,bart
54.653453687758834,75.58438992278762,82.64381404557754,145.58159224297555,95.88013350011565,37.416573867739416,bart
70.8237248385031,88.32326986700618,93.28451104015072,116.77328461596,86.74675786448736,45.110974274559844,bart
71.76350047203663,93.73366524360391,103.42630226397925,175.9175943446249,87.0976463516667,40.29888335921977,bart
70.09992867328754,144.61673485458036,149.14757792200314,79.76214641043707,100.48382954485761,41.49698784249286,bart
79.18333157931662,96.22369770487933,104.09610943738484,127.22028140198401,105.47037498748168,27.331300737432898,bart
101.73494974687902,116.16367762773353,125.2078272313676,113.91663618629195,75.7231800705702,51.36146415358503,bart
63.631753079732135,101.75460677532,111.25196627475849,195.69619311575786,104.27847332982968,61.40032573203501,bart
76.77239087067694,133.285408053545,142.70949512909084,83.26463835266445,106.38608931622592,42.62628297189423,bart
80.8084154033477,124.45882853377658,133.285408053545,145.09996554100212,122.46223907801131,48.05205510693585,bart
88.3685464404615,62.185207244167,71.13367697511495,136.48809471891678,67.6904720030818,23.15167380558045,bart
38.48376280978771,58.770741019660456,65.42935121182236,99.21189444819608,86.74099376880577,58.855755878248644,bart
53.16013544000805,115.52488909321661,122.18428704215611,68.51277253184256,96.6902270139025,33.61547262794322,bart
96.81425514871248,90.515192095029,96.44687656943589,134.98518437221176,79.14543574963751,44.96665431183423,bart
51.778373863998475,149.92331373072034,154.42150109359773,170.6985647274165,138.23530663329106,63.103090257134,bart
72.86288492778748,83.30066026148893,92.1737489744233,179.44915714485816,80.67837380611982,40.607881008493905,bart
82.37718130647589,84.4748483277715,90.96702699330126,238.14491386548653,116.64475984801032,44.19275958796871,bart
39.30648801406709,57.175169435691224,63.76519426771944,100.30453628824571,85.901105930017,54.3415126767741,bart
71.03520254071216,67.47592163134935,75.61745830163825,212.83796653792763,91.8313671900838,52.16320542297991,bart
53.68426212587819,149.92331373072034,154.42150109359773,170.6985647274165,138.23530663329106,62.8728876384726,bart
60.975404877704584,108.8577052853862,118.44407963254221,136.25344032353826,78.93034904268447,50.17967716117751,bart
55.614746245937326,126.2814317308764,136.20572675185136,68.76772498781678,103.73041983911952,73.17103251970687,bart
66.40030120413611,147.65838953476364,156.12815249018993,84.55767262643882,100.36433629531956,45.033320996790806,bart
44.721359549995796,52.28766584960549,59.43904440685432,203.5706265648362,76.77239087067694,51.67204273105525,bart
62.289646009589745,105.36602868097478,110.38568747804219,178.23860412379804,141.03900169811186,94.32921074619463,bart
46.76537180435969,99.30256794262674,108.08330120791094,204.08821622033938,107.05606008068857,53.0,bart
49.51767361255979,114.12712210513327,123.50708481702578,146.27029773675858,117.15374513859982,27.367864366808018,bart
65.22269543648132,115.33429672044652,125.1758762701504,53.150729063673246,107.24737759031686,71.50524456289902,bart
67.7421582177598,109.5627673984187,119.44454780357285,158.83639381451596,91.29074432821763,27.49545416973504,bart
70.20683727387241,142.30249470757707,151.48927354766738,81.51686941977103,98.47842403288143,47.60252094164762,bart
61.106464469808756,160.60199251565965,166.96706262014672,167.5857989210303,164.10362579784763,49.69909455915671,bart
77.12976079309465,68.01470429252781,75.4254598925323,94.20721840708386,92.03260291874831,54.96362433464518,bart
65.09224224129939,65.63535632568775,75.06663706334525,159.5399636454766,49.9799959983992,36.51027252705737,bart
39.91240408695021,175.35677916750183,185.25927777037242,184.52913049163809,157.3848785620779,18.138357147217054,bart
37.97367509209505,97.95407086997457,106.99532700076205,196.76889998167903,102.10288928331069,47.92702786528704,bart
64.01562309311689,61.212743771211564,70.68238818828917,137.41178988718545,54.92722457943783,30.28200785945344,bart
46.281745861624536,91.42209798511517,96.15092303249095,75.17313349861105,106.4048871058092,55.235857918565905,bart
77.72387020729218,177.90446874657195,185.927405188154,240.1166383239612,191.96353820452467,42.7551166528639,bart
63.796551630946325,100.26464980241042,109.95453605922768,158.61273593252213,82.72242743053422,66.31741852635702,bart
41.41255848169731,88.01136290275251,96.06768447297978,140.30324301312496,109.57189420649804,24.020824298928627,bart
96.6126285741155,140.50622761998844,150.29637387508723,140.06784070585223,111.36426715962351,46.95742752749558,bart
84.10112960002381,47.45524207081869,54.35991169970753,139.32336487466844,84.39194274336857,55.21775076911409,bart
72.3118247591637,127.3184982632139,134.40610105199838,210.18087448671443,137.82960494755835,58.008620049092706,bart
83.72574275573791,140.22125373851142,148.39474384222643,93.38629449764028,101.26203632161463,27.65863337187866,bart
35.34119409414458,69.06518659932803,76.66159403508382,141.06381534610497,97.26253132630262,73.79701890998037,bart
67.45368781616021,117.15374513859982,127.09838708654017,165.32392446346051,101.11874208078342,40.19950248448356,bart
68.66585760041157,132.37446883746125,141.3930691370691,220.84836426833684,138.68309197591464,73.45747068882783,bart
96.97937925146768,92.65527507918802,98.5393322486001,134.98518437221176,79.14543574963751,46.216880033165374,bart
64.77653896280658,98.06630410084801,100.7670581092849,115.3819743287486,81.81686867633104,38.7556447501522,bart
53.75872022286245,125.93649193144932,135.6281681657612,134.6291201783626,95.34149149242423,44.64302857109943,bart
42.638011210655684,91.13725912051558,100.0649788887201,97.53973549277238,70.60453243241541,57.42821606144492,bart
55.018178813915675,113.70576062803502,122.92273996295397,156.5662798944907,119.28537211242626,24.677925358506133,bart
68.15423684555495,146.9081345603435,155.47668635522177,87.45856161634491,100.35935432235502,44.14748010928823,bart
66.7757440991862,146.37281168304446,154.77079827926198,83.33066662399864,98.6154146165801,46.67976006793523,bart
54.881690936048976,112.6765281680262,122.35603785674003,63.13477647065839,105.38500842150178,39.20459156782532,bart
44.66542286825459,154.89996772110703,164.50227961946302,198.15398053029367,145.9931505242626,57.21013896155121,bart
64.22616289332565,123.87493693237546,132.71774561075094,108.62780491200216,91.35097153287424,43.829214001622255,bart
41.641325627314025,67.88961628997471,73.90534486760751,105.9669759878048,61.04096984812741,63.914004725099176,bart
69.05794668247819,100.24470060806208,107.1354283138869,242.5613324501661,128.09761902549164,11.704699910719626,bart
67.72001181334805,101.59724405711013,105.11422358558332,203.3125672456083,126.98425099200294,46.04345773288535,bart
101.28672173587218,68.30080526611674,76.66811592833099,94.15412895885129,91.02197536858887,46.4327470649756,bart
80.58535847162312,69.2098258919931,77.56932383358772,94.7100839404126,91.76055797563569,44.41846462902562,bart
80.876448982383,63.48228099241551,73.19152956456095,134.55482154125878,68.33739825307956,56.52433104425032,bart
80.46117075956576,75.43208866258443,85.18802732778826,158.01582199260935,58.73670062235365,67.54998149518622,bart
80.32434251209281,64.28841264178172,69.46941773183363,159.65587994182988,59.90826320300064,58.83026432033091,bart
81.43709228600933,87.04596486914255,96.92264957170744,86.61408661412992,81.89627586160435,26.92582403567252,bart
78.36453279386026,120.21231218140677,130.0,140.96098751072935,92.52567211320326,41.048751503547585,bart
73.81734213584231,120.523856559604,130.3878828726044,147.305804366291,95.73922915921143,39.66106403010388,bart
69.13031173081747,92.00543462209176,96.15612304996495,148.48905683584903,95.5928867646542,36.742346141747674,bart
80.2745289615579,76.16429609731846,85.91856609604235,157.21323099535866,58.83026432033091,71.39327699440614,bart
113.42398335449165,87.46999485537883,97.28309205612247,180.93645293306707,85.09406559801923,43.9203825119955,bart
77.80745465570763,91.44943958275523,101.39033484509261,168.4339633209407,80.7031597894407,58.40376700179535,bart
79.724525711979,61.09009739720506,70.16409338115899,143.80890097626084,78.37091297158659,47.60252094164762,bart
81.24038404635961,126.46343345014795,135.93380742111214,187.95212156291294,119.3440404879942,83.36666000266533,bart
80.876448982383,93.41306118525397,98.08669634563088,134.03730823916152,90.80748867797193,48.2078831727758,bart
53.376024580330075,122.35603785674003,131.3011804973588,108.06479537758817,80.25584090893322,58.111960903070546,bart
99.08582138732059,132.0075755401939,141.5521105459046,125.36745989290841,97.54998718605759,52.354560450833695,bart
80.82697569499925,76.28237017817419,86.02325267042627,104.7902667235846,78.41555968046137,27.676705006196094,bart
45.760244754590204,131.64345787011217,141.21260566960729,129.44110629935145,98.84331034521254,46.69047011971501,bart
64.56779382943171,58.86425061104575,65.58963332722634,84.2436941260294,87.48714191239762,26.570660511172846,bart
87.3040663428686,165.32997308413258,175.18276170902203,149.57606760441325,137.1276777313756,49.08156476723211,bart
89.05616205518852,120.06664815842908,129.84221193433206,107.41508273980894,94.34511116109833,42.2729227756965,bart
37.8549864614954,70.10706098532444,72.8285658241325,152.66302761310612,94.2178327069775,52.88667128870941,bart
79.00632886041473,116.36580253665593,123.71741995369932,140.55248130146973,92.07605551933683,31.96873472629156,bart
78.65112840894274,99.26731586982696,108.54031509075327,183.5892153695309,95.78100020358944,57.16642371182581,bart
57.0701322935211,82.8190799272728,92.10863151735563,155.20953578952552,63.94528911499267,37.69615364994153,bart
53.68426212587819,88.95504482602435,93.60555539069249,123.27611285240948,94.98420921395304,81.71903083125741,bart
56.444663166680336,110.14081895464551,117.08116842601119,121.2146855789347,95.93747964169165,48.91829923454004,bart
67.07458535093602,81.95730595865142,82.6922003577121,180.72077910411963,98.73702446397704,72.069410986909,bart
63.0158710167526,92.87626176801045,94.47221813845591,186.69761648183942,102.10288928331069,46.8187996428785,bart
62.24949798994366,105.61249926026748,109.54907576059234,159.98437423698604,107.58252646224665,66.2117814289874,bart
30.93541659651604,111.0810514894417,114.54256850621083,211.65538027652403,153.06534552275377,46.238512086787566,bart
58.532042506647585,136.16901262769,140.360250783475,187.85632808079689,159.8155186457185,72.27724399837061,bart
70.01428425685718,153.4177303964571,162.63455967290594,108.70142593360954,113.21219015636082,8.774964387392123,bart
68.10286337592568,87.25823743349392,97.06183596038146,158.1992414646796,70.24243731534378,69.53416426476987,bart
65.93178292750773,87.41281370600079,95.15250916292223,218.07338214463496,106.58799181896617,65.09992319503918,bart
66.79071791798619,142.72000560538106,150.8708056583513,130.9427355755179,129.07749610214788,28.91366458960192,bart
64.66065264130884,139.24438947404667,148.35767590522573,106.38608931622592,98.07650075323853,47.01063709417264,bart
70.71067811865476,101.29659421717987,110.77003204838391,77.44675590365293,101.33607452432722,59.06775770248944,bart
52.124850119688595,67.17886572427373,73.08898685848642,116.12493272333896,76.8505042273634,73.57988855658861,bart
56.302753041036986,80.55432949258531,87.80660567406076,89.02808545621994,91.08786966440702,81.62107570964744,bart
65.3834841531101,136.21673905948563,146.12323566086263,151.74320413119,112.0044641967453,41.24318125460256,bart
56.356011214421486,106.36258740741502,116.26693425045661,154.72556349873153,86.21484790916237,18.466185312619388,bart
58.557663887829406,136.91238074038446,146.6628787389638,159.7779709471866,119.23086848631104,52.773099207835045,bart
74.51845409024533,122.06965224821442,131.91664034533324,84.41563836162112,96.38983348880731,58.18934610390462,bart
77.01298591796062,106.21675950620975,114.8781963646714,218.53375025382235,119.3817406473871,53.76802023508026,bart
126.09123680890754,76.26270385975047,85.94765849050223,94.12226091632095,69.89992846920518,53.24471804789655,bart
65.13831437794502,104.10091258005379,113.85077953180645,145.12753012437028,78.7210264160726,61.237243569579455,bart
71.56116265125938,148.69431730903506,157.38170160472913,89.90550594930212,103.00485425454472,19.748417658131498,bart
74.31016081263719,81.24653838779841,90.60905032059435,146.13350060817677,86.55056325639943,61.773780845922005,bart
64.39720490828775,178.2638493918495,183.41483037093812,212.73457640919588,171.5488268686207,55.62373594069352,bart
103.23759005323593,141.04254677224174,145.058608844839,245.88005205790893,177.01129907438113,47.59201613716318,bart
63.26136261573884,90.62560344626678,100.56838469419701,168.58232410309213,80.0812087820857,64.10148204214939,bart
66.1362230551458,128.2848393225014,138.20998516749793,96.63332758422428,98.59513172565875,53.99073994677235,bart
64.69157595854347,139.581517401123,148.95636945092346,179.68305429282975,126.22598781550494,43.61192497471305,bart
50.6458290484024,65.81033353509159,71.72168430816443,116.12493272333896,76.8505042273634,72.5120679611332,bart
62.63385665915839,62.8728876384726,67.98529252713413,138.32208789632983,87.94316346368261,44.64302857109943,bart
84.88816171881683,89.83317872590283,96.27564593395361,126.44761761298629,93.11283477587824,72.86974680894672,bart
63.095166217389426,137.98913000667844,147.9121360808504,156.6014048468276,115.50324670761424,41.641325627314025,bart
59.715994507334464,88.53247991556545,98.2496819333274,146.18823482072693,63.54525946126902,79.42291860665912,bart
65.98484674529449,106.57391800998967,115.5551816233266,117.0,107.15409464878138,45.27692569068709,bart
70.46985170979147,102.96115772464877,112.52555265360841,153.95453874439687,104.12012293500234,42.59107887809371,bart
65.4217089351845,128.65457628860312,138.25700705570043,196.21671692289624,124.82788150088905,48.062459362791664,bart
83.76753547765387,137.30986854556377,147.2311108427835,124.36639417463223,111.18453129819814,62.545983084447556,bart
62.82515419798029,129.9038105676658,139.2982411949268,178.54411219639812,117.83462988442744,63.53739056650029,bart
67.07458535093602,160.63000964950479,170.53152201279386,153.88632167934875,134.46932735757994,51.40038910358559,bart
68.52736679604726,186.47519942340858,196.38228025970164,192.35384061671346,168.97632970330488,65.12296062065974,bart
64.69930447848725,156.55350523063993,165.63212248836274,101.83319694480774,114.4071676076285,27.202941017470888,bart
61.04096984812741,106.02829810951414,115.90081966923272,174.01436722293937,96.13532129243653,50.28916384272063,bart
66.1362230551458,135.56548233234005,145.46820958546235,151.11254084290954,111.16654172906523,42.906875905849866,bart
66.96267617113283,150.00333329629711,158.99056575784616,99.16652661054536,107.00934538627924,44.68780594300866,bart
55.362442142665635,80.59776671843954,87.92610533851708,75.71657678474378,97.03607576566563,80.38034585643433,bart
68.38859554048467,58.33523806414096,62.928530890209096,112.50777750893491,81.78630692236935,58.249463516842795,bart
67.07458535093602,159.928108848945,169.5464538113375,127.77323663428112,125.32757078951144,35.45419580247167,bart
57.253820833198546,123.83860464330176,131.70801038661241,161.80234856144702,134.8369385591352,80.80222769206304,bart
40.024992192379,130.29581727745523,136.55035701161677,139.04675472660267,130.24208229293635,43.69210454990696,bart
138.78400484205665,135.6244815658294,144.61327739872297,223.52852167005446,142.17594733287342,31.827660925679098,bart
65.33758489567853,153.27752607606897,162.7912774076056,175.55910685578235,135.9190935814391,55.11805511808268,bart
79.01898506055365,87.25823743349392,92.93546147730693,116.77328461596,98.00510190801293,81.00617260431454,bart
61.237243569579455,61.48983655857283,66.58828725834597,137.83323256747627,86.33075929238663,47.265209192385896,bart
66.79071791798619,145.55411364849843,155.07740002979156,123.25988804148737,110.20889256316842,49.52776998815917,bart
61.69278726074872,117.14520903562382,127.07478113300058,171.0847743079436,103.88936422945325,63.25345840347388,bart
68.66585760041157,137.77155003846042,147.64145759237138,98.80789442144793,108.60018416190647,79.33473388119481,bart
117.92370414806346,123.85071659057932,133.79088160259653,159.3925970677434,104.25449630591478,68.6804193347711,bart
65.92419889539804,123.92739810066215,128.9844951922517,213.7498538011196,159.6182946908029,58.42944463196617,bart
72.62231062146122,51.19570294468082,57.532599454570104,159.02829936838285,63.41135544995076,71.596089278675,bart
67.63135367564367,96.06768447297978,105.82060290888538,102.1420579389313,70.63285354564121,14.866068747318506,bart
68.89121859859934,118.54956769216832,128.17566071606575,132.52546925025393,87.02873088813831,53.55371135598354,bart
68.54925236645546,143.07340773183535,152.2005256232711,106.23088063270491,101.9803902718557,74.41102068914255,bart
68.7386354243376,101.76443386566841,111.15304764152893,73.90534486760751,99.88493379884676,49.85980344927164,bart
73.65459931328118,107.060730429042,113.22985472038724,93.98936110007345,102.92230079045066,104.21132376090422,bart
93.22016949137134,163.55121522018723,168.48145298518767,231.27689032845456,196.98223270132766,59.10160742314882,bart
48.938737212968626,167.54999253954026,172.4934781375806,239.25300416086733,194.81529714065064,15.297058540778355,bart
77.3950902835574,66.65583245298194,73.78346698278686,140.41367454774482,84.52810183601665,65.95452979136459,bart
65.97726881282674,149.38540758722053,157.87019984784968,83.95832299420945,102.1077861869505,54.8270006474912,bart
67.07458535093602,161.92899678562824,171.7148799609399,141.16656828017037,131.38112497615478,36.124783736376884,bart
79.11384202527394,63.58458932791813,72.91090453423274,194.34505396330516,76.89603370785778,56.43580423808985,bart
23.280893453645632,100.8265837961398,104.92378186092989,198.54218695279852,140.44927910103348,42.649736224272246,bart
68.07348970047003,130.11149065320865,139.26234236145822,110.99549540409286,90.0499861188218,38.67815921162743,bart
36.932370625238775,107.58252646224665,117.32433677630571,150.58220346375597,85.17041739947034,47.3392015141785,bart
67.36467917239716,59.033888572581766,68.42514157822401,146.9625802713058,51.01960407529639,43.474130238568314,bart
68.66585760041157,120.09163168181203,129.6803763103732,130.09611831257686,87.47571091451616,35.014282800023196,bart
71.53320907103218,140.76221083799445,150.05665596700467,113.1238259607586,101.90191362285597,71.17583859709698,bart
64.66065264130884,144.63056385149025,153.37861650177967,93.13968005098579,99.58915603618699,61.91930232165088,bart
75.90783885739337,107.70329614269008,113.6089785184252,208.43704085406702,139.82131454109563,61.814237842102365,bart
71.62401831787993,88.54942122905152,98.47842403288143,162.265215003093,74.30343195303969,58.360945845659494,bart
71.62401831787993,63.25345840347388,73.06161783043132,109.01834707974616,57.7148161220323,44.56455991031439,bart
68.1615727518079,103.0970416646375,112.73863579093016,189.12429775150522,101.82828683622247,40.76763422127902,bart
73.18469785412795,162.63455967290594,172.47898422706461,147.68547660484427,134.12680567284082,27.09243436828813,bart
68.8839603971781,102.1518477561713,111.28342194594845,102.23013254417701,94.28679653058533,49.28488612140643,bart
72.22880311897741,95.79144011862438,104.93331215586402,150.9602596712128,103.75933692926145,63.15853069855251,bart
57.51521537819362,125.6383699353028,135.55072851150598,173.31474259277542,112.0044641967453,56.991227395100026,bart
65.19202405202648,178.46848461283017,183.5755975068582,212.05895406702354,171.0438540258024,56.43580423808985,bart
64.4437739428721,145.07928866657707,154.98064395272075,77.54998388136518,101.75952043912157,50.93132631298737,bart
49.92995093127971,143.72543268329375,152.59750980930193,97.27281223445738,99.88493379884676,28.930952282978865,bart
58.90670590009256,24.124676163629637,28.231188426986208,178.35638480301174,71.77743377970545,32.90896534380867,bart
64.66065264130884,123.18279100588686,129.17043005270207,156.83111936092274,126.65306944563167,84.36231386110744,bart
72.18725649309579,80.86408349817613,89.64373932405988,166.54428840401582,94.91575211733824,44.955533585978046,bart
70.22107945624305,129.60709857102736,132.74411474713295,202.2943400097986,140.9751751195933,38.63935817272331,bart
67.54257916307313,135.4695537750088,140.3246236410417,252.1487656126835,171.06139248819414,70.00714249274856,bart
77.87810988975015,143.96527359054335,153.91231269784754,163.44112089679268,123.43419299367578,43.12771730569565,bart
67.77905281132217,47.93745925682754,53.075418038862395,174.25555945220228,90.65318527222306,58.146367040426526,bart
85.44588931013593,26.076809620810597,30.643106892089126,168.89345754054537,73.00684899377592,32.71085446759225,bart
131.83702059740276,121.57713600837947,131.5066538240556,19.79898987322333,100.65286881157436,17.74823934929885,bart
55.68662316930342,103.04853225543778,108.1480466767662,143.60013927569847,129.4990347454374,86.09297300012354,bart
73.79024325749306,100.57832768544127,106.07073111843813,142.63590010933433,98.25477087653302,54.46099521676041,bart
72.42927584892728,123.8587905640936,133.75350462698165,93.23625904121208,95.63472172804185,41.400483088968905,bart
75.9012516365837,105.29007550571896,114.82595525402782,137.11673858431726,75.67033764957046,44.46346815083142,bart
69.29646455628166,122.64175471673585,131.91664034533324,209.43256671301148,126.41598000252975,49.4064773081425,bart
136.04778572251738,135.6244815658294,144.61327739872297,223.52852167005446,142.17594733287342,32.07802986469088,bart
76.79192665899195,88.35157044444654,96.23408959407264,224.51948690481188,111.24747188138704,73.61385739111897,bart
74.444610281739,106.30616162763097,112.4544352171136,208.0600874747485,137.2989439143652,20.024984394500787,bart
67.86751800382861,125.98809467564783,135.6981945347837,135.09996299037243,95.56673061269805,61.0163912403872,bart
69.89992846920518,76.03288762108144,79.1580697086532,177.8370040233472,115.63304026099115,22.825424421026653,bart
19.235384061671343,65.4446330878247,72.77362159464101,194.32189789110234,85.86617494683223,55.299186250793966,bart
65.92419889539804,146.8638825579659,154.31785379534023,131.65864954495015,127.91012469699183,59.53990258641679,bart
68.65857557508748,124.5672509129105,134.49907062875937,89.05054744357274,97.21625378505387,45.05552130427524,bart
62.81719509815764,146.1061258127119,154.63505424062166,86.89073598491383,99.38309715439543,39.63584236521283,bart
76.54410493303844,103.26664514740469,107.60576192751019,120.14158314255727,89.26925562588724,65.82552696332935,bart
69.38299503480663,97.21111047611791,102.22035022440492,175.8920123257449,122.18428704215611,18.05547008526779,bart
68.71681017043792,149.54932296737422,159.49294655250432,165.96385148579796,129.17043005270207,24.413111231467404,bart
63.60031446463138,84.4630096551147,94.26027795418386,156.49600633882002,66.43794096749237,41.30375285612676,bart
58.44655678480983,102.02450685987166,111.93748255164576,156.40971836813722,83.12039460926542,31.76476034853718,bart
60.83584469702052,96.0572745813663,100.73728207570423,96.52460826131335,114.85643212288984,32.32645975048923,bart
67.54257916307313,144.79640879524604,153.58710883404245,94.34511116109833,100.12991560967181,35.73513677041127,bart
73.81056834898374,126.70043409554681,134.6773923121472,111.87939935484101,102.03920815059278,14.52583904633395,bart
78.92401408950256,88.61715409558128,98.4377976185977,159.55563293096236,72.40856302952021,35.79106033634656,bart
68.07348970047003,130.83577492413914,140.04642087536547,112.69871339105873,91.47677300823418,36.932370625238775,bart
68.66585760041157,120.09163168181203,129.6803763103732,130.09611831257686,87.47571091451616,35.014282800023196,bart
34.49637662132068,124.55119429375216,130.19216566291536,89.6493167849036,90.24411338142782,46.968074263269514,bart
24.535688292770594,152.75470532851025,160.50233643159217,65.33758489567853,101.21264743103995,36.72873534441391,bart
24.186773244895647,83.8212383587835,92.82779756085996,95.54580053565934,96.88137075826292,31.016124838541646,bart
30.822070014844883,64.56779382943171,70.78135347674555,56.089214649520635,100.54352291420865,23.021728866442675,bart
44.01136216933077,69.6419413859206,79.30321557162736,186.5502613238588,75.43208866258443,53.637673327615545,bart
21.095023109728988,122.67844146385298,129.10848151845022,76.26270385975047,95.73400649716902,47.74934554525329,bart
69.4334213473598,135.32922818075923,144.64093473149293,115.12167476196652,97.02576977277738,38.22302970723278,bart
37.16180835212409,112.18734331465382,119.57006314291216,167.97023545854785,134.43585831168707,58.22370651203855,bart
35.9722114972099,122.38872497088937,126.26955294131677,191.11514853616393,144.99655168313487,41.82104733265297,bart
13.96424004376894,104.8713497576912,114.66908912169835,180.07498438150702,98.27512401416749,20.09975124224178,bart
60.83584469702052,96.15612304996495,101.78899744078434,246.19504462925326,131.28594745821047,53.46026561849464,bart
99.74467404327912,144.90341610879986,153.38187637397058,241.45807089430662,156.547117507797,36.98648401781386,bart
115.70220395480806,152.8201557386983,159.80300372646317,220.2952564173818,173.63467395655744,32.7566787083184,bart
77.77531742140305,141.03900169811186,147.52287958143984,215.55045812987734,168.35082417380676,42.473521163190604,bart
77.93587107359485,134.09697983176207,143.54441821262157,207.27035485085656,133.83572019457287,20.73644135332772,bart
108.52188719332152,133.04886320446334,142.59382875847047,202.6548790431654,131.00381673829202,20.83266665599966,bart
76.32823854904552,167.97023545854785,177.55280904564702,209.37287312352572,160.44936896105264,73.57988855658861,bart
83.3966426182733,113.33578428722325,123.26394444443193,157.49920634720672,93.99468070055879,36.41428291206625,bart
78.7273777030583,169.22470268846686,178.99161991557034,197.9040171396225,157.18460484411315,41.48493702538308,bart
60.00833275470999,64.16385275215322,72.53964433328854,208.81091925471713,87.38993077008358,72.01388754955533,bart
34.713109915419565,68.5054742338158,73.49829930005184,157.68639763784319,87.16650732936361,35.34119409414458,bart
52.172789842982326,109.59470790143108,114.29785649783639,230.70543990118657,147.65161699080713,74.16872656315464,bart
87.70974860299168,136.9598481307569,146.4547711752676,122.12698309546502,101.28178513434683,52.23983154643591,bart
102.26436329435587,128.0859086707043,137.6844217767573,128.7672318565558,95.00526301210897,55.18151864528558,bart
65.03076195155643,138.00724618656804,147.19035294474975,109.29318368498559,97.75479527879949,49.49747468305833,bart
88.45903006477066,136.24243098242192,145.4407095692262,110.40380428228005,96.29122493768578,48.98979485566356,bart
48.373546489791295,135.827095971312,143.88189601197226,81.62107570964744,86.13361713059541,39.761790704142086,bart
80.18104514160439,135.38463723776047,144.38143925034132,103.93267051317406,93.1074647920348,70.45565981523414,bart
108.92658077806354,130.31116606031887,139.43457247038842,173.4646938140439,129.634100452003,11.357816691600547,bart
62.73754856543249,120.48236385463227,129.41020052530635,102.20078277586722,93.4558719396486,62.20932405998316,bart
24.08318915758459,84.96469855181033,88.83692925805124,63.631753079732135,87.98863562983574,77.01947805587882,bart
98.9595877113481,174.01724052518475,182.14554619863753,266.71895320730397,187.0347561283731,48.91829923454004,bart
43.977266854592045,147.2311108427835,154.05843047363555,78.85429601486528,100.40418317978589,31.63858403911275,bart
72.3671196055225,167.56491279501208,173.25414857947845,252.9703539942971,195.85198492739357,57.113921245174545,bart
67.83067152844649,118.23282116231516,127.20062892926276,115.67627241573788,105.74497624000868,29.068883707497267,bart
28.442925306655784,119.6703806294607,125.9761882261882,182.72930799409272,140.10353314602742,76.03946343840151,bart
66.40783086353596,121.89749792346026,131.59027319676784,191.8593234638338,117.5967686630887,61.40846847137616,bart
48.218253804964775,152.75143207184672,162.31758992789415,135.4843164355196,121.1321592311472,54.70831746635972,bart
79.50471684120383,94.74703161577148,96.57121724406295,127.4597975833949,75.17313349861105,49.02040391510457,bart
92.53107586103168,136.2974687952788,142.68146340712937,200.84073292039142,139.34130758680286,33.481338085566414,bart
38.3275357934736,188.3772810080876,194.89740891043164,20.024984394500787,133.13902508280583,58.32666628567074,bart
103.96634070698074,112.7253298952813,122.21292893961751,194.64326343338985,111.96874563912914,44.654227123532216,bart
50.99019513592785,141.24446891825534,146.01712228365548,122.07374820165063,114.5294721894762,62.10475022089695,bart
56.124860801609124,82.47423840206105,87.48142660016468,100.40418317978589,84.11896337925236,101.56278846112882,bart
67.00746227100382,102.54754994635415,106.37198879404295,102.24480426897007,86.00581375697809,56.356011214421486,bart
38.948684188300895,113.81124724736128,119.02100654926423,108.87607634370372,118.63810517704673,67.36467917239716,bart
92.07605551933683,139.05754204644924,148.2362978490761,108.72902096496593,98.67623827447011,39.319206502675,bart
65.3834841531101,100.0499875062461,108.41125402835262,94.38749917229505,88.50988645343524,67.3721010508059,bart
130.75549701637786,140.69825869569246,149.62285921609705,100.1049449328054,97.49871794028884,35.41186241925155,bart
65.16133823057964,121.13628688382354,130.3878828726044,117.76671855834313,83.03011501858829,70.63285354564121,bart
74.41102068914255,115.08692367076287,120.30793822520607,200.62651868584072,149.64959071110084,66.49060083951716,bart
64.95382975621992,147.2446943016963,155.8396611905968,88.10221336606703,100.90094152187085,70.66823897621902,bart
46.07602413403309,44.328320518603,46.151923036857305,61.28621378417825,92.97849213662265,48.92851929090027,bart
61.59545437773797,132.62352732452865,142.2884394460773,131.84839779079607,100.74224535913422,55.39855593785816,bart
87.45856161634491,133.48408144793896,142.73401836983362,214.27785699880425,136.52106064633398,35.62302626111375,bart
42.2965719651132,93.64293886887575,103.14068062602651,185.1755923441316,92.40670971309389,59.648973168026956,bart
67.32013071882734,119.40686747419514,129.3560976529518,132.14007719083563,101.67595585978034,21.118712081942874,bart
82.56512580987206,116.94870670511924,125.46712716883255,108.18964830333815,98.45811292118086,15.231546211727817,bart
66.10597552415364,131.59787232322566,140.27473043994775,229.7368059323538,142.11966788590522,43.46262762420146,bart
72.18032973047436,125.79745625409124,135.68345514468592,148.96308267486947,101.36567466356647,33.436506994600975,bart
38.48376280978771,61.30252849597641,71.02816342831905,81.44323176298937,62.99206299209449,64.45153217728807,bart
56.69215113223346,80.84553172563095,90.74690077352504,151.6970665504116,75.27283706623525,62.976185975335156,bart
56.621550667568265,63.914004725099176,73.60706487831179,167.30212192318422,55.90169943749474,41.47288270665544,bart
66.60330322138685,138.71193171461493,147.6685477683044,101.7742600071354,95.9218431849597,64.07027391856539,bart
45.40925015897091,134.56225325105106,142.492105044455,81.49846624323675,84.59905436823747,81.5659242576212,bart
95.39916142189091,138.61096637712328,147.96621235944374,115.82745788456207,100.66280345788111,39.91240408695021,bart
71.56116265125938,149.7631463344704,158.48659249286672,90.64215354899729,104.35037134576953,19.44222209522358,bart
78.44106067615353,104.39348638684312,112.5921844534513,93.1289428695505,97.08758932015976,46.05431575867782,bart
44.48595283907045,106.81292056675541,116.64475984801032,151.66410254242763,85.0235261559999,8.306623862918075,bart
34.77067730142742,70.03570517957252,77.78174593052023,138.44132331063582,58.38664230798,34.14674215792775,bart
64.69930447848725,120.21231218140677,129.5376393176902,120.68968472906042,83.31266410336426,71.89575787207477,bart
50.37856687124,99.12618221237011,108.59558002055148,196.13515748075355,102.64501936285072,40.607881008493905,bart
40.44749683231337,188.82266813070936,195.29720940146584,18.466185312619388,133.5065541462291,18.76166303929372,bart
51.39066063011839,93.25234581499814,102.5426740435415,34.219877264537345,100.52860289489753,62.457985878508765,bart
40.63249930782009,123.3774695801466,132.80436739806413,204.12496172687946,124.42668524074729,54.97272050753901,bart
63.324560795950255,61.87083319303208,67.66830868286867,230.95670589961227,100.48880534666536,50.0999001995014,bart
87.41281370600079,123.02032352420473,132.9699214108213,164.55090397806995,105.84894897919393,37.49666651850535,bart
70.8801805866774,137.5427206361718,147.44829602270758,177.67667263881322,123.76590806841762,37.49666651850535,bart
85.75546629807339,137.87675656179326,147.29901561110313,118.67181636766162,100.94552986635911,52.79204485526205,bart
66.10597552415364,105.59356040971439,115.27792503337315,139.63881981741324,77.26577508832743,40.90232267243512,bart
44.090815370097204,139.54210834009928,148.25316185498372,94.11163583744573,94.35041070392857,60.174745533321534,bart
44.73253849269008,138.85964136494087,148.74474780643516,149.10734388352574,113.3666617661471,46.2709412050371,bart
37.429934544425805,107.27534665523109,112.33432244866215,102.112682855755,120.85528536228773,66.73829485385434,bart
73.47108274688756,101.15334893121434,104.85704554296768,152.12166183683374,85.81375181169973,30.822070014844883,bart
78.91767862779544,94.8525170989152,96.98453484963466,252.56484315913804,142.08096283457542,29.086079144497972,bart
74.15524256584965,107.12142642814275,113.03096920755833,108.27280360275151,99.10600385445879,44.57577817604534,bart
44.395945760846224,116.74759098157016,125.78155667664477,114.07453703609758,76.4198926981712,17.146428199482248,bart
70.46985170979147,97.5551126287085,101.5381701627521,201.92077654367318,111.18003417880388,39.8622628559895,bart
91.55326318597278,123.8628273534881,132.3518039166826,112.1338485917611,96.30680142129111,47.60252094164762,bart
80.26830009412184,147.63807097087118,156.28819533157326,89.19641248391103,101.67103815738285,40.36087214122113,bart
70.33491309442275,68.044103344816,76.24303246854758,111.89727431890377,84.5931439302264,51.66236541235796,bart
98.02550688468793,147.06121174531373,156.74182594317318,190.77211536280663,136.88316185711082,69.57729514719583,bart
55.695601262577284,92.89241088485109,94.39279633531363,139.39153489362258,132.28378585450298,49.49747468305833,bart
72.73238618387272,139.6853607218738,146.5708020036733,239.86037605240261,164.56609614376833,15.297058540778355,bart
57.175169435691224,74.31016081263719,84.21995013059554,149.61617559608987,61.98386886924694,28.722813232690143,bart
58.01723881744115,232.27139298673868,241.98553675788145,227.7301034119117,216.33307652783935,55.47071299343465,bart
79.1012010022604,149.54263606075693,157.72127313713898,76.249590162833,100.26464980241042,64.66838485689897,bart
66.40030120413611,138.02535998866296,147.25488107359973,111.09455432198286,98.39207285142437,17.291616465790582,bart
62.8410693734599,100.73728207570423,110.64809081046089,154.79341071247185,80.9814793641114,61.587336360651285,bart
53.150729063673246,225.9690244259155,230.3410514867031,218.05962487356527,208.4922060893404,35.41186241925155,bart
66.35510530471637,43.87482193696061,51.32250968142536,96.77293009927931,79.21489758877429,23.345235059857504,bart
51.40038910358559,163.46559270990332,171.56339936011994,68.17624219623724,113.49449325848369,39.97499218261337,bart
61.424750711744856,103.36827366266692,107.2100741535048,244.69572942738498,145.03447865938637,74.68600939935136,bart
45.37620521815371,59.16079783099616,59.62382074305537,239.96249706985463,111.57956802210698,43.32435804486894,bart
68.87670143089025,147.24808997063425,155.59241626763176,81.6026960338934,99.10600385445879,19.82422760159901,bart
82.32253640407346,145.60906565183365,155.48954948806045,171.1928736834568,127.75758294520134,48.11444689487763,bart
91.37286249209882,146.90132742763083,155.54742042219794,238.46383373585186,156.62056059151365,17.578395831246947,bart
135.20724832641184,194.89997434581667,203.147729497526,278.199568655309,206.0242704149198,44.654227123532216,bart
76.5963445602987,133.15029102484155,142.70949512909084,108.31897340724754,130.034610777285,58.06031346797914,bart
140.27473043994775,91.24691775616314,97.59610647971567,165.97891432347663,94.58329662260668,67.09694478886502,bart
119.31890043073645,134.23486879346962,144.02777509911067,140.03570973148243,105.49407566304374,46.281745861624536,bart
66.07571414672717,120.10412149464314,129.25169244539896,115.10864433221339,80.71554992688831,70.66823897621902,bart
65.85590330410783,144.66858677681205,153.17310468878014,86.78709581498853,97.71898484941399,57.28874234961002,bart
72.64296249465602,173.66922582887275,182.73751667350632,209.87615395751848,164.98787834262248,33.075670817082454,bart
46.2709412050371,123.37341690980274,133.09395177843356,101.02474944289642,98.77752780870759,26.267851073127396,bart
82.8854631404084,141.70744511139844,151.28119513012845,125.53087269671951,107.19608201795437,38.43175770115127,bart
164.4992401198255,165.66230711903054,173.02889932031584,276.2697956708261,185.34832073693033,46.49731175025068,bart
86.27282306729043,109.42120452636226,118.83602147497197,155.4541733116226,88.84255736976509,38.742741255621034,bart
125.94443219134381,156.12174736403637,165.61702811003462,214.10978492352936,153.2122710490253,44.02272140611028,bart
104.58011283222064,133.25539388707685,143.01748144894736,137.62993860348845,103.61949623502326,52.392747589718944,bart
58.86425061104575,127.12198865656563,131.16020738013492,164.59040069214242,164.6663292844047,65.30696746902278,bart
137.57179943578552,86.19164692706596,95.21554494934112,104.5609869884557,91.41115905621152,40.22437072223753,bart
58.70264048575669,136.6235704408284,146.46842663181715,154.36644713149292,113.47246362003426,38.691084244306204,bart
64.96922348312314,82.23138087129512,89.76079322287654,102.00980345045274,100.14489502715553,34.55430508634199,bart
154.41178711484432,131.4610208388783,137.96013917070394,265.6106172576691,158.56229059899457,46.04345773288535,bart
97.63708311906906,145.8046638485889,155.3061492665374,209.35615586841482,143.4886755113448,16.0312195418814,bart
36.742346141747674,111.7899816620434,116.64475984801032,68.70953354520753,104.01922899156675,51.87484939737175,bart
72.2841614740048,97.92343948207701,103.3537614216338,213.78026101583842,133.52527850560733,35.014282800023196,bart
38.88444419044716,169.04733065032408,177.17223258738937,67.06713054842886,119.15116449284078,55.33534132902769,bart
76.88953114696434,112.16505694733989,119.30632841555388,86.21484790916237,98.55962662266938,44.11349000022555,bart
74.14175611623992,106.64426848171448,110.60741385639572,152.58440287263963,86.6083136886985,30.692018506445613,bart
55.39855593785816,109.65856099730654,114.60366486286553,232.606964642076,146.7140075112121,27.129319932501073,bart
44.68780594300866,89.7997772825746,99.45350672550465,162.3607095328177,75.45859791965393,45.48626166217664,bart
163.9207125411551,177.12707302950614,183.26210737629316,304.1364825205947,204.33795535827406,43.289721643826724,bart
69.58448102845921,80.77747210701756,87.94316346368261,106.23088063270491,101.24228365658294,19.339079605813716,bart
67.00746227100382,102.90286682109493,106.64895686315924,102.24480426897007,86.00581375697809,56.356011214421486,bart
73.65459931328118,96.63332758422428,105.94810050208545,200.28729365588822,103.14068062602651,41.71330722922842,bart
65.16133823057964,130.48754729858325,139.49910393977447,106.3296760081587,88.63972021616495,65.33758489567853,bart
49.01020301937138,132.13629327327143,142.08096283457542,160.1280737409902,111.84811129384349,23.600847442411894,bart
91.02197536858887,144.81022063376605,154.7029411485121,181.6727827716634,131.37731919931994,53.777318638995006,bart
76.19055059520177,118.70551798463288,125.7934815481311,156.31698564135633,125.35549449465708,24.677925358506133,bart
63.190189111918315,102.00980345045274,111.95088208674373,162.6806687962648,86.52167358529307,18.466185312619388,bart
91.0823802938856,145.53693689232298,152.07235120165663,201.46960068456977,140.23195071024293,59.89156868875618,bart
93.09135298189624,139.39153489362258,149.02684321960257,129.44110629935145,106.34848376916335,32.83291031876401,bart
74.87322618933953,107.98611021793498,117.83887304281215,152.58440287263963,86.6083136886985,34.49637662132068,bart
33.19638534539566,52.21110992882645,61.91122676865643,172.1772342674838,50.15974481593781,50.53711507397311,bart
71.81225522151495,147.03060905811415,155.68236894394946,89.9499861033897,101.1830025251277,17.291616465790582,bart
63.85922016435841,100.50373127401788,103.85566907973777,88.0,100.26464980241042,59.799665550904216,bart
98.47842403288143,160.92855557669063,167.90771274721124,213.5040983213203,172.73389939441535,36.27671429443411,bart
61.98386886924694,222.87440409342656,229.93477335975086,237.16871631815187,226.40229680813752,16.401219466856727,bart
127.80453826057978,124.73972903610141,134.68110483657313,158.78601953572613,104.7377677822093,49.416596402423345,bart
74.94664769020693,107.63828315241747,115.0173899895142,229.92390045404153,131.13351974228405,39.44616584663204,bart
63.198101237299845,122.48265183282079,130.3725431216251,237.74986855937482,139.75693184955085,61.106464469808756,bart
56.515484603779164,93.65361712181756,95.72878355019456,236.75092396862996,141.0709041581573,85.21736912155878,bart
73.15736463268753,93.75499986667377,99.04039579888602,218.6069532288486,130.3456942135029,40.963398296528084,bart
99.13626985114983,154.4474020500183,163.90546055577283,204.24250292238392,148.03377992877165,68.92024376045111,bart
36.193922141707716,105.82060290888538,111.0,99.9499874937461,120.00416659433121,63.26136261573884,bart
135.2479205015737,132.94359706281458,141.8767070381886,223.70739817896055,140.3709371629327,22.315913604421397,bart
65.1766829472013,142.50964879614293,151.36049682793725,97.28309205612247,98.53425800197614,42.731721238442994,bart
76.3544366752843,99.9499874937461,103.21337122679407,151.95723082499234,87.02873088813831,19.949937343260004,bart
74.15524256584965,115.0782342582645,120.0833044182246,98.29547293746543,97.05153270299239,82.23138087129512,bart
54.872579673275794,149.3251485852266,157.851195750935,85.19976525789258,102.36210236215355,60.67124524847005,bart
80.43631020876082,94.95261976375376,100.89103032480142,107.56393447619885,91.28526715741155,55.60575509783138,bart
74.87322618933953,99.58915603618699,105.22832318344715,123.88704532758864,101.92644406629714,19.849433241279208,bart
79.1012010022604,95.26804291051643,101.04949282406122,112.16059914247963,90.55937278934744,55.235857918565905,bart
31.591137997862628,121.75385004179539,127.85538705897378,192.22903006570053,148.11144452742334,67.92643079096678,bart
64.47480127925948,122.12698309546502,131.3011804973588,114.84772527133482,82.85529554590944,71.84705978674423,bart
49.18333050943175,143.61406616345073,153.27752607606897,130.43772460450236,110.7925990308017,17.378147196982766,bart
66.30987860040162,102.14695296483396,105.8536725862641,102.46462804304713,93.69098142297368,64.43601477434805,bart
55.00909015790027,100.22474744293447,110.11811840019789,175.0657019521528,91.89668111526117,31.064449134018133,bart
48.394214530251446,160.90991268408544,169.51106158596258,41.641325627314025,107.93979803575695,27.386127875258307,bart
73.81734213584231,123.38962679253066,132.34047000067667,219.02054698132775,131.43439428094916,50.70502933634887,bart
51.778373863998475,26.19160170741759,22.561028345356956,78.33900688673555,78.39642849007855,38.06573262134856,bart
94.49338601193207,126.05950975630518,133.94028520202576,180.08886695184685,142.13022197970423,75.1398695766768,bart
97.80593029055038,123.19090875547595,130.14991356124673,247.9697562203907,145.00344823486094,54.064775963653084,bart
44.955533585978046,74.22937423958254,82.66196223173026,162.6376340211576,90.78546139112804,85.34635317340748,bart
48.228622207149975,53.319789947073126,60.06662967072483,220.43139522309428,89.51536181013849,38.948684188300895,bart
56.79788728465171,135.26270735128733,143.98263784220651,96.62815324738438,90.47651629014017,34.249087579087416,bart
57.723478758647246,125.7934815481311,134.08579343092242,227.91445763707048,137.30986854556377,56.542019772908716,bart
50.73460357586329,143.1817027416562,151.51897570931504,83.18653737234169,95.08417323613851,10.770329614269007,bart
59.135437767890075,71.87489130426563,81.04936767180853,198.36078241426657,85.12343978012167,46.36809247747852,bart
54.945427471264615,77.33692520394123,85.3580693314932,184.31494784742773,101.0,81.16033513977132,bart
39.153543900903784,124.9839989758689,130.46838697554284,182.12358441453978,137.2443077143821,47.30750469005948,bart
73.5255057786072,136.83932183404008,143.2131278898691,209.68786326347075,143.04544732356916,63.56886030125127,bart
70.71774883294857,148.68086628749512,158.19292019556374,79.27799190191436,101.95096860746347,35.91656999213594,bart
54.415071441651165,93.94147114027967,97.43715923609432,74.43789357578571,111.17553687749837,97.082439194738,bart
37.54996671103717,126.41598000252975,135.6981945347837,123.18279100588686,91.0,38.8329756778952,bart
68.33008122342603,87.3269717784832,96.52460826131335,200.24235316236172,96.51942809610924,40.311288741492746,bart
33.98529093593286,146.13692209705252,153.78881623837282,220.24985811573183,163.41970505419474,35.185224171518364,bart
68.27151675479314,137.48454458592792,146.52303573158727,104.58967444255671,95.61380653441218,54.945427471264615,bart
72.3671196055225,111.04053313993049,120.60265337047937,195.57862868933302,111.13055385446434,48.83646178829912,bart
76.55716818169282,108.34205093129813,117.8685708745126,131.30498848101698,75.7495874576225,73.55949972641196,bart
50.37856687124,147.92227688891217,155.9422970204043,243.67806630880835,161.15520469410848,44.721359549995796,bart
65.68104749469211,98.29547293746543,108.2081327812286,158.7734234687909,80.94442537939224,29.899832775452108,bart
70.74602462329597,151.90786681406595,160.4836440264241,212.5770448566825,149.28496240412161,55.74047003748713,bart
126.16259350536514,148.70440477672474,157.67688479926284,98.97474425326898,105.60776486603625,20.248456731316587,bart
64.81512169239521,124.82788150088905,134.36145280548286,126.49505919204908,90.73036977771004,28.460498941515414,bart
57.73214009544424,144.32255540974876,152.78088885721277,85.46344247688599,97.0,36.193922141707716,bart
96.77293009927931,124.21755109484327,134.0186554178186,141.46731071169762,96.591925128346,28.24889378365107,bart
64.77653896280658,126.38829059687451,135.5027674994131,215.75217264259473,132.07573584879245,54.26785420486054,bart
59.782940710540494,152.92808767522072,162.837342154679,157.61345120261785,129.0620006043607,30.870698080866262,bart
77.80102827083971,151.43645532037522,159.968746947646,125.01599897613104,118.66760299256069,37.57658845611187,bart
69.81403870282824,114.66036804406308,122.84950142348971,96.6798841538404,96.88137075826292,20.049937655763422,bart
69.66347680097513,128.57682528356344,135.98161640457138,80.94442537939224,100.84145972763385,57.810033731178535,bart
114.74319151914854,139.1402170474087,148.8086019019062,161.7683529000651,118.61703081766969,53.907327887774215,bart
70.51950084905593,138.9136422386225,148.85563476066332,160.04374402018968,117.71575935277315,30.886890422961002,bart
68.86218120274728,145.12063946937388,153.42424840943494,245.5870517759436,158.4613517549311,10.246950765959598,bart
67.23094525588644,86.46386528486914,95.97395480024775,192.68886838631857,91.46584061823299,44.384682042344295,bart
71.4142842854285,88.41379982785493,95.96874491208062,226.68039174132375,112.32542009714453,38.67815921162743,bart
68.82586723027906,154.77079827926198,159.13830462839547,240.04374601309655,167.9166459884189,60.53924347066124,bart
70.03570517957252,88.61715409558128,94.22313940853383,93.56281312572854,91.61331780914826,40.3732584763727,bart
76.58328799418317,158.02847844613325,166.15053415502462,70.95068710026705,108.27280360275151,49.20365840057018,bart
53.79591062525106,133.22912594474226,143.05593311708537,142.86707108357754,105.6882207249228,92.2496612459905,bart
77.23341245859851,121.0206593933449,130.64838307457157,133.91415160467545,90.033327162779,32.71085446759225,bart
69.49820141557622,86.24384035976135,92.59049627256569,88.92693630166283,94.59915433025816,44.844174649557324,bart
59.43904440685432,98.03060746521976,107.5220907534819,195.12816301087858,101.24228365658294,19.79898987322333,bart
72.59476565152615,116.88455843266894,125.1758762701504,106.96261028976434,87.7382470761754,28.705400188814647,bart
124.97999839974395,139.8177385026664,148.69431730903506,228.68318696397424,147.40759817594207,48.218253804964775,bart
75.9670981412348,157.51190431202335,160.93787621315252,184.67809832245945,162.31142904922007,24.186773244895647,bart
68.99275324264136,152.1413816159167,160.73580808270447,86.15103017375938,105.62670116973264,55.68662316930342,bart
77.54998388136518,130.59096446538712,139.87494414654827,212.00235847744713,133.3566646253572,30.033314835362415,bart
68.99275324264136,99.58413528268446,108.08330120791094,130.3648725692623,96.69539802906858,11.575836902790225,bart
69.46941773183363,126.81482563170601,136.57598617619425,139.31618714277246,98.1936861514018,36.796738985948195,bart
77.00649323271382,121.01652779682617,130.71342700732774,137.94926603646718,91.84225606985055,41.41255848169731,bart
98.0357077803797,142.42892964563063,151.81897114655993,116.84605256490268,104.86181383134664,51.176166327695945,bart
83.43260753446461,155.1418705572419,164.15236824365343,98.8635423197045,112.2007130102122,56.15158056546583,bart
74.9933330370107,134.16780537819048,140.34956359034396,186.20687420178666,125.6821387469198,65.75712889109438,bart
118.27510304370908,83.17451532771321,88.88756943465155,105.16653460107925,89.38120607823548,65.5286197016235,bart
63.94528911499267,118.37651794169315,124.34629065637624,104.10571550111935,87.32124598286491,71.95832127002409,bart
68.07348970047003,74.59892760623305,81.03085831953157,94.73119866232032,95.524865872714,32.28002478313795,bart
79.37883848986453,80.89499366462674,88.51553535961922,224.59073890078372,106.8363234110946,44.73253849269008,bart
66.85057965343307,92.50405396521819,102.32301793829187,174.6539435569664,85.18802732778826,65.33758489567853,bart
66.25707509390978,110.8647825055369,120.81390648431164,162.2159055086769,94.13288479590966,44.57577817604534,bart
74.95331880577403,152.6925014530838,161.20794025109308,125.01599897613104,118.66760299256069,52.86775955154521,bart
80.01874780324921,139.8356177803066,145.3031314184247,89.20762299265685,101.48398888494677,75.21303078589507,bart
105.38026380684383,141.84498581197715,145.7772273024837,201.938109330557,160.7171428317465,80.95060222135473,bart
73.13002119512889,135.81605207043827,144.94481708567574,108.01388799594245,95.00526301210897,22.315913604421397,bart
52.5642464038057,116.73045875006231,123.72954376380768,171.60710940983768,141.9366055674152,52.69724850502159,bart
45.221676218380054,94.58329662260668,101.19782606360673,211.95046591125956,122.43365550370535,48.36320915737499,bart
57.7148161220323,139.35924798878617,149.03019828209315,131.10301293257908,106.96261028976434,73.03423854604085,bart
111.57508682497182,92.41753080449618,99.60923651951158,147.6279106402309,115.04347004502254,35.24202037341219,bart
76.53757247260981,118.68445559549912,128.47178678604885,145.61249946347326,93.09135298189624,50.6458290484024,bart
70.33491309442275,155.0902962792966,164.63899902513984,205.7522782376905,149.14087300267488,14.45683229480096,bart
57.7148161220323,141.24092891226678,150.64527871792066,117.17508267545622,103.82196299434914,73.8850458482635,bart
50.22947341949744,116.2282237668631,125.01999840025594,108.11105401391663,73.13685801290619,65.92419889539804,bart
27.874719729532707,182.8250529878222,189.27757394894937,213.27447104611466,207.7137453323684,38.71692136521188,bart
50.21951811795888,82.18272324521742,87.960218280766,207.3957569479183,118.08471535300409,55.44366510251645,bart
127.77323663428112,129.4526940623485,138.95682782792647,124.18131904598211,94.48809448814173,58.9406481131655,bart
63.96092557178953,86.13361713059541,91.78235124467012,114.76933388322858,102.06370559606387,48.46648326421054,bart
60.07495318350236,144.54757002454244,152.9869275461142,84.88227141164403,97.07728879609277,32.155870381627054,bart
68.07348970047003,139.5456914419073,149.39210153150668,185.21878954360974,128.58071395042103,44.81071300481616,bart
67.15653356152326,172.1075245304516,181.76358271116908,207.30171248689675,162.88339387426822,47.89572005931219,bart
69.46941773183363,114.10083259994205,121.2435565298214,203.83571816538927,139.1006829602213,22.38302928559939,bart
69.49820141557622,81.04936767180853,88.35157044444654,228.22357459298547,109.03669107231748,56.753854494650845,bart
98.76234100101111,119.8999582985749,129.78058406402707,149.68299836654796,96.26006440887103,25.80697580112788,bart
60.44832503882965,135.85654198455074,145.00344823486094,108.59097568398582,95.2732911156112,69.93568473962345,bart
117.63077828527702,101.1830025251277,111.09005356016353,155.97756248896826,82.02438661763951,35.45419580247167,bart
79.06326580656784,118.61281549647154,128.41339493993607,146.11639196202458,93.26842981416596,53.600373133029585,bart
73.70210309075311,142.61135999632006,152.04275714416653,210.95260131128984,141.80267980542538,62.71363488110062,bart
102.82995672468213,123.96773773849388,127.94920867281672,72.17340230306452,74.10802925459562,47.7283982551269,bart
81.00617260431454,80.0812087820857,89.02808545621994,205.07071950914883,94.67312184564318,47.3392015141785,bart
118.6001686339442,83.85702117294652,89.45948803788227,118.05507189443408,105.65036677645753,64.21059102671458,bart
114.56002793295748,119.60351165413162,124.58731877683218,235.8834457947399,154.38588018338982,38.41874542459709,bart
51.487862647424,165.13327950476852,173.52233285660955,213.3682263131041,176.34908562280668,46.09772228646444,bart
160.46494944379597,96.8039255402383,106.47065323364932,184.58060569843192,94.34511116109833,52.23983154643591,bart
63.93746945258312,139.92497989994496,147.9864858694874,93.30058949438637,101.3804714922948,29.410882339705484,bart
68.9492567037528,132.55187663703597,139.48835076808385,85.5102333057278,98.16822296446034,56.83308895353129,bart
48.05205510693585,85.70880934886448,86.95401083331349,146.81280598094978,134.6699669562594,64.45153217728807,bart
67.38694235532579,87.60136985230311,96.95875411740809,197.3296733894829,95.04735661763561,57.0,bart
73.824115301167,79.00632886041473,88.79752248796134,180.30252355416437,78.05126520435142,56.515484603779164,bart
63.89835678638379,160.38391440540414,169.0207087903728,187.608635195718,149.8866238194723,40.01249804748511,bart
105.8772874605314,101.55786527886454,108.37435120913067,116.26263372210352,99.498743710662,31.63858403911275,bart
71.85401867675878,143.52700094407325,153.42424840943494,150.76140089558734,118.19475453673907,47.391982444291145,bart
74.444610281739,149.3251485852266,157.62296786953354,79.17701686727027,100.7869039111729,32.155870381627054,bart
68.61486719363377,144.81712605904042,154.23034720832342,117.0,107.34057946554975,53.85164807134504,bart
60.63827174318213,52.354560450833695,61.106464469808756,202.7362819033633,76.49182962905255,54.70831746635972,bart
92.79008567729636,115.10864433221339,123.27611285240948,102.27903010881556,94.4986772394196,39.50949253027682,bart
66.49060083951716,156.41291506777821,166.2468044805674,191.59853861655625,144.5856147754679,30.512292604784715,bart
70.92249290598858,82.0792300158816,91.98912979260103,165.08785539826968,70.26378868236469,37.05401462729781,bart
71.21797525905943,179.1703100404752,183.51294232287813,253.53697955130727,215.01627845351618,70.178344238091,bart
76.11832893594026,160.01562423713506,163.51758315239374,185.07836178224616,163.56344334844508,16.881943016134134,bart
63.60031446463138,140.00357138301865,149.31175439328277,113.56936206565572,101.29659421717987,30.512292604784715,bart
66.15134163416491,89.96666049153987,99.443451267542,194.30131239906746,94.94208761134337,68.8040696470783,bart
59.06775770248944,158.83639381451596,168.67127793433,144.90686664199183,129.84221193433206,40.3732584763727,bart
67.60177512462228,86.54478609367523,93.1074647920348,79.68688725254614,97.8008179924892,53.79591062525106,bart
68.89847603539573,128.49124483792662,137.4227055475186,221.64160259301502,136.23509092741122,39.370039370059054,bart
105.62196741208714,118.16936997377958,127.94920867281672,179.42407865166817,108.78419002777932,59.81638571495272,bart
75.91442550661897,123.94353553130554,130.28046668629952,154.05843047363555,132.9699214108213,28.231188426986208,bart
78.16009211867653,158.31929762350515,165.13630733427462,198.1741658239035,168.2676439485619,52.96225070746144,bart
80.22468448052632,102.66937225872184,108.52649446103011,167.61264868738277,102.96115772464877,27.459060435491963,bart
70.9154426059656,140.164189435105,150.0966355385756,158.4960567332828,118.17783210061013,47.391982444291145,bart
97.25224933131366,154.395595792108,159.02515524281057,244.29695045169925,188.62131374794313,41.09744517606904,bart
58.172158288995945,100.50373127401788,110.0272693471941,139.84991955664472,72.18725649309579,96.73158739522474,bart
65.00769185258002,171.84004189943624,181.4772713041498,208.35066594565998,163.06133815224257,47.042533945356304,bart
76.16429609731846,120.40764095355411,130.09611831257686,137.3644786689776,90.98351499035417,42.80186911806539,bart
86.6083136886985,110.66164647247935,120.56948204251356,154.87737084545307,90.2551937563706,61.43289021363068,bart
69.55573304911681,107.4569681314339,113.66617790706258,209.50656314301946,138.55323886506588,15.84297951775486,bart
68.9492567037528,136.2130683891968,145.275600153639,105.68348972285122,94.62557793746889,56.08029957123981,bart
78.74642849044012,147.00340132119393,155.48954948806045,84.97646733066749,99.7997995989972,54.92722457943783,bart
157.68956845650888,95.21554494934112,105.01904589168576,172.6875791711726,86.23224454924039,52.839379254491625,bart
62.617888817813075,136.69674465765453,145.19297503667318,178.27226368675525,140.44927910103348,34.539832078341085,bart
68.27151675479314,98.15294188153507,106.96261028976434,116.64475984801032,90.96702699330126,53.9351462406472,bart
84.22588675698226,144.31216164966833,153.28731193415845,100.25467570143549,101.41991914806479,76.00657866263946,bart
70.84490101623405,115.93532679903913,121.0206593933449,201.92077654367318,150.9337603056387,71.18286310622803,bart
64.97691897897283,103.10189135025604,112.69871339105873,139.4668419374297,74.4983221287567,32.58834147360065,bart
122.83729075488436,82.33468284993876,88.02272433866155,104.0096149401583,90.13878188659973,66.10597552415364,bart
69.6491205974634,131.16401945655676,138.11227316933133,86.61408661412992,96.6385016440135,57.358521598799946,bart
73.49829930005184,117.6860229593982,123.71337841963576,235.53131426627755,148.9966442575134,60.93439094632849,bart
68.07348970047003,106.63489110042735,113.73653766490345,97.06698717895802,95.84883932526257,47.53945729601885,bart
103.46980235798269,113.04423912787418,122.94714311442947,173.72967507020786,101.73003489628813,28.39013913315678,bart
75.21303078589507,114.30223094935637,118.93695809125101,103.32956982393762,107.17275773255068,52.009614495783374,bart
81.32650244538985,130.2843045036508,138.6542462386205,235.95550427993834,144.06248644251562,37.22902093797257,bart
109.81347822558031,99.25220400575496,106.35788640246665,142.16187955988764,115.41663658242689,34.08812109811862,bart
66.49060083951716,45.67274898667694,55.14526271584895,97.02576977277738,55.00909015790027,30.380915061926625,bart
43.9203825119955,85.62125904236635,92.15204826806618,208.4178495234993,117.39250401963491,38.379682124790975,bart
75.34586916347837,79.76841480184999,89.48742928478838,161.21414330014596,65.52098900352466,66.2117814289874,bart
67.96322535018479,86.21484790916237,92.68225288586807,110.87831167545798,94.30270409696638,64.35837163881635,bart
67.27555276621665,121.85647295076286,131.73458164050928,174.72836060582725,109.58558299338468,74.85986908885161,bart
67.06713054842886,132.4424403278647,140.47775624631822,228.16441440329822,146.63219291819925,52.583267300539625,bart
74.95998932764064,135.7534529947581,144.58907289280197,99.44847912361456,91.91844211038392,51.894122981316485,bart
87.43569065318808,138.45215780189199,147.74978849392645,214.77895613863106,140.35312607847393,30.692018506445613,bart
69.8426803609369,125.87692401707312,135.77186748365804,150.1266132302997,101.95587280779857,50.37856687124,bart
71.17583859709698,128.13664581219535,135.1887569289695,200.3272322975586,144.2844412956574,45.65084884205331,bart
67.20119046564577,102.22035022440492,112.0267825120404,176.57859439920796,94.38749917229505,16.401219466856727,bart
74.87322618933953,145.85609346201483,154.36644713149292,86.09878047916823,98.8635423197045,57.323642591866054,bart
66.37770710110436,126.21410380777577,127.89057822998534,112.75194011634566,86.48699324175861,38.3275357934736,bart
66.87301398920195,136.04778572251738,145.9931505242626,163.2789024950866,116.57186624567696,12.68857754044952,bart
50.96076922496363,91.27431182978046,99.03534722511958,104.08169867945085,93.25234581499814,92.80624978954812,bart
65.57438524302,77.78174593052023,87.66413177577246,173.63467395655744,72.52585745787498,54.092513345194085,bart
76.26925986267338,114.08768557561329,123.20308437697491,113.28724553099524,97.45255255764212,49.39635614091387,bart
20.049937655763422,70.21395872616783,76.6355009117837,110.46718969902331,79.8373346248483,36.124783736376884,bart
63.071388124885914,95.71311299921238,105.55567251455508,171.76146249959564,86.31917515824627,25.238858928247925,bart
103.0970416646375,85.71464285639881,95.60334722173695,87.87491109526086,78.84795495128583,69.35416353759881,bart
81.58431221748455,162.5084613181726,167.89877903070052,204.7364159107998,165.2936780400267,62.68173577685928,bart
53.71219600798314,92.74157643689264,96.36389365317281,78.21125238736431,112.1695145750395,92.82241108697835,bart
87.78382538941898,103.00485425454472,109.45775440780794,103.35859906171329,93.8829057922687,73.0479294709987,bart
63.20601237224193,139.46325680981354,148.08443537387717,91.80958555619343,93.54143466934853,24.166091947189145,bart
52.278102490430925,121.41663806908838,131.24404748406687,143.80890097626084,94.98420921395304,38.18376618407357,bart
75.45859791965393,133.03007178829907,142.14781039467334,108.54492157627642,92.233399590387,21.37755832643195,bart
78.59389289251423,102.22035022440492,111.79445424527998,136.38181696985856,71.89575787207477,54.62600113499065,bart
47.58150901348127,96.75226095549395,101.85283501208987,112.27644454648535,101.57263410978372,103.19399207318224,bart
72.11795892841117,168.95561547341362,172.919056208389,209.17456824384746,166.14150595200465,65.29931086925804,bart
61.424750711744856,110.57576588023255,119.59933110180843,108.8852607105296,87.52713864853574,59.9666574022598,bart
64.24951361683604,96.8039255402383,106.69582934679312,73.66817494685205,86.14522621712709,59.841457201508724,bart
51.93264869039514,116.40446726822816,118.52847759083046,130.84723917607127,85.63877626402656,83.48053665376139,bart
75.31268153505093,85.68547134724766,94.47221813845591,108.77959367454909,71.76350047203663,48.104053883222775,bart
70.09279563550022,105.27107864936124,114.80853626799707,84.33860326090301,105.30906893520614,42.44997055358225,bart
68.00735254367721,138.80201727640704,147.09520726386702,84.90583018850944,93.79765455489812,65.26101439603893,bart
78.74007874011811,128.23026163897507,138.173803595327,168.6238417306402,112.12938954618454,35.2845575287547,bart
65.07687761409578,138.35461683659133,144.4056785587049,208.77260356665576,168.02380783686579,74.06753674856482,bart
63.45076831686122,72.11795892841117,81.54753215150045,146.99659860010368,45.617978911828175,94.13819628609845,bart
79.91245209602819,112.40106761058811,122.05326705991938,135.27379642783742,82.06095295571457,76.71375365604267,bart
54.46099521676041,155.23852614605693,164.99696966914271,174.69401821470592,137.29166034395533,67.79380502671317,bart
77.40800992145451,146.11296999240005,155.05482901219168,98.6508996411082,102.80564186852781,38.948684188300895,bart
80.43009387039157,128.9418473576364,138.23530663329106,116.15937327654622,90.75241043630741,43.829214001622255,bart
71.00704190430693,93.49331526906082,96.42613753542138,201.54652068443156,126.69648771769484,32.78719262151,bart
90.515192095029,118.49894514298428,128.2380598730346,138.17018491700733,89.56561840349231,59.033888572581766,bart
35.510561809129406,166.06926265868708,173.49351572897473,51.12729212465687,113.17685275708986,48.641546028061235,bart
77.82673062643708,94.45104552094699,104.2401074443038,158.66946776238962,77.20751258783046,20.8806130178211,bart
62.5939294181153,102.61091559868278,110.09995458672996,101.95096860746347,51.07837115648854,59.270566050949775,bart
93.4558719396486,153.44380078712857,161.12727888225507,63.54525946126902,101.61200716450787,93.30058949438637,bart
37.589892258425,119.95832609702421,127.07871576310488,55.47071299343465,114.60366486286553,88.14760348415605,bart
58.42944463196617,126.62938047704411,135.30705820466278,135.8970198348735,105.38026380684383,41.701318923986086,bart
35.11409973215888,106.2449998823474,115.11298797268708,132.53301475481496,91.84770002564028,111.6870628139177,bart
114.13150310059007,103.77861051295686,113.30048543585328,106.3296760081587,95.69221493935649,33.12099032335839,bart
76.47875521999558,117.40953964648699,119.8415620725965,168.03273490602953,107.87956247593888,14.352700094407323,bart
58.86425061104575,122.78843593759146,129.00387591076478,122.98780427343192,105.0,50.28916384272063,bart
87.0976463516667,145.11719401917887,154.72556349873153,203.69094236121546,140.60227594174995,11.180339887498949,bart
39.370039370059054,117.37972567696688,124.63145670335399,136.56500283747664,101.55294185792945,77.70456872024965,bart
48.425200051213004,106.90650120549265,113.8859078200635,129.41792766073794,120.7890723534211,49.60846701924985,bart
82.85529554590944,252.43414982921783,260.5993092853471,261.02873405048723,244.28057638707176,68.70953354520753,bart
88.53247991556545,91.37833441248533,94.53570753953238,126.83059567785685,109.04586191139946,58.26662852782886,bart
72.69800547470336,115.05650785592269,121.65936051122412,123.08127396155761,96.40539403996023,25.88435821108957,bart
63.85922016435841,96.08850087289322,105.74497624000868,187.79243861242125,95.77577981932593,42.2729227756965,bart
63.914004725099176,103.13583276436954,111.8659912573969,210.65137075272023,113.25634640054393,68.92024376045111,bart
40.2119385257662,131.73458164050928,139.20129309744217,92.22255689363638,86.11620056644394,68.00735254367721,bart
81.58431221748455,163.59095329510126,168.94081803992782,204.7364159107998,165.2936780400267,61.72519744804386,bart
70.35623639735144,115.88356225108029,125.73782247199925,146.92855406625358,91.15371632577578,37.76241517699841,bart
54.415071441651165,119.84573417523045,129.6919426949878,145.58159224297555,94.30270409696638,39.242833740697165,bart
48.61069841094653,90.87904048789248,99.1766101457395,93.08598175880189,89.09545442950498,59.841457201508724,bart
61.36774397026503,114.83466375620212,124.54717981552211,137.9202668210876,85.77295611088614,11.224972160321824,bart
53.41348144429457,141.50971698084905,148.92279879185725,67.63135367564367,88.74119674649424,53.38539126015655,bart
44.64302857109943,173.53385836775485,181.01104938649465,209.17695857813786,173.04912597294447,60.29096117993144,bart
67.14908785679818,152.3285921946369,160.63312236273066,165.35114151405185,143.38061235745926,82.28000972289685,bart
77.25930364687478,115.03912377969506,124.79182665543445,142.18649724921138,88.11356308764276,16.186414056238647,bart
38.41874542459709,139.89639023220005,148.48568954616468,24.020824298928627,123.89511693363868,68.25686778632608,bart
67.08203932499369,114.16654501210063,123.95563722558164,181.5736765062601,106.60206376989143,54.258639865002145,bart
113.39753083731586,174.37029563546653,181.289823211343,278.70773222140787,196.73586353280888,39.331920878594275,bart
92.00543462209176,84.2436941260294,91.79324593890337,102.69858811103491,102.69371937952194,71.2320152740325,bart
63.97655820689325,109.54907576059234,119.45710527214361,167.29016707505556,95.60857702110204,52.172789842982326,bart
75.7429864739964,132.495282934903,142.18298069740976,132.95864018558552,101.01980003939822,31.953090617340916,bart
67.7716754994297,143.11184437355283,151.34728276384746,80.89499366462674,94.34511116109833,46.88283267892417,bart
55.66866263886712,132.05301965498555,141.14177269681716,107.97684937059425,90.98351499035417,26.70205984563738,bart
48.394214530251446,173.36089524457353,183.3057555015663,177.16376604712374,153.2122710490253,28.653097563788805,bart
54.35071296680477,95.06313691436866,104.85227703774487,152.48606493709516,74.27651041883968,61.30252849597641,bart
104.546640309481,127.25564820470642,136.60527076214885,118.3934119788766,89.91106717195609,45.92385001282014,bart
67.74953874381728,140.8935768585637,150.81114017207085,154.52507887071278,117.30728877610291,27.85677655436824,bart
81.58431221748455,158.9528231897754,164.3198101264726,203.39124858262707,165.24224641416615,65.39113089708727,bart
65.46754921333164,149.12410938543775,153.58710883404245,178.712058910416,146.37281168304446,81.20344820264715,bart
75.91442550661897,104.44615837837216,114.27160627207444,146.935359937627,80.18104514160439,17.97220075561143,bart
55.47972602672079,123.61634196173254,132.2800060477773,197.3930089947463,135.05924625881784,60.778285596090974,bart
68.76772498781678,109.22453936730518,118.9663818059539,142.69898387865277,82.52272414311103,40.8166632639171,bart
33.555923471125034,153.20900756809309,161.04036761011196,103.07764064044152,116.30993078838969,71.91661838546081,bart
66.79820356865893,123.72550262577235,133.48782716038193,139.2300254973761,95.17352573063583,49.658836071740545,bart
78.10889834071403,124.36237373096414,134.24231821597837,67.70524351924303,99.77975746613137,37.54996671103717,bart
52.316345438113316,151.54207336578182,160.40573555830227,225.59698579546668,154.51537140362444,60.21627686929839,bart
69.77822009767804,111.22499719037982,120.74767078498864,195.3919138552054,111.09005356016353,63.89053137985315,bart
58.08614292583042,119.98749934889051,128.9418473576364,109.46232228488486,78.14729681825213,28.460498941515414,bart
60.11655346075655,109.754270987511,118.57908753233008,188.85179374313606,120.77251342917394,64.8074069840786,bart
65.39877674696982,112.6454615153225,121.23530838827442,184.7971861257633,125.93252161375949,32.66496594212215,bart
70.5620294492725,184.68622038473796,194.1391253714717,226.8479667089833,179.63574254585305,43.3589667773576,bart
45.28796749689701,106.97663296253066,109.88630487917955,192.88597668052492,150.24646418468555,96.21330469326995,bart
67.15653356152326,65.06919393998976,71.7007670809734,128.47567863218313,69.36137253543934,56.16938667993447,bart
72.72551134230683,50.950956811427986,51.254268114957995,152.74161188098023,93.60021367496978,37.20215047547655,bart
56.444663166680336,110.23611023616536,119.41105476462387,84.39786727163192,96.17692030835673,52.66877632905477,bart
56.859475903318,115.10864433221339,121.1156472137271,211.49231664530984,143.7358688706476,50.28916384272063,bart
46.850827100489916,84.62860036654276,94.15412895885129,71.6798437498297,58.32666628567074,34.20526275297414,bart
85.49853799919622,142.55875981503206,151.82885101323794,111.41813137905338,103.21337122679407,55.937465083787984,bart
89.49301648732151,97.45255255764212,106.3296760081587,204.48960853794014,105.72133181151285,51.96152422706632,bart
62.67375846396959,123.75782803523985,133.3079142436787,127.72235513018072,90.1443287178955,74.22937423958254,bart
85.74963556773871,140.00357138301865,149.12410938543775,106.44247272588137,98.89893831583835,53.898051912847464,bart
56.83308895353129,105.94810050208545,115.03912377969506,209.02152999152983,114.34596626029271,36.72873534441391,bart
87.46999485537883,120.0583191619806,129.32517156377563,206.24499993939247,123.06096050332128,45.93473631142341,bart
60.76183012385325,139.35924798878617,147.3295625460145,78.10249675906654,89.22443611477743,31.12876483254676,bart
140.559595901525,85.21150157109074,92.70382947861431,78.3007024234138,37.69615364994153,55.80322571321482,bart
59.12698199637793,94.79451460923254,104.12012293500234,111.11255554616679,77.15568676384133,69.89992846920518,bart
67.45368781616021,112.52555265360841,114.09206808538444,98.3107318658548,81.70679286326198,92.36341266973628,bart
48.010415536631214,116.1077086157504,125.32358118087753,141.42489172702236,120.22478945708326,56.43580423808985,bart
104.9047186736612,165.2936780400267,168.94081803992782,219.0821763631172,181.05800175634326,50.96076922496363,bart
100.41912168506553,84.95881355103778,94.5568612000208,188.43831882077487,87.8521485223896,28.142494558940577,bart
95.71311299921238,112.42775458044157,115.04347004502254,147.05441169852742,119.69962405956002,53.51635264103861,bart
75.29276193632427,177.2935419015594,186.45642922677672,237.5289456045305,178.0814420426789,61.08191221630181,bart
40.2119385257662,117.99576263578281,124.78781991845197,85.83705493549974,88.50423718670197,60.174745533321534,bart
67.70524351924303,113.04423912787418,114.61239025515522,103.4842983258813,76.86351540230254,91.7877987534291,bart
36.742346141747674,119.90412836929345,129.20526305069774,60.08327554319921,97.90301323248433,71.22499561249548,bart
54.872579673275794,43.977266854592045,50.40833264451424,131.06105447462264,79.08223567907018,12.041594578792296,bart
79.31582439841371,183.30848316430968,193.1035991378721,196.1555505204989,167.78557744931476,53.27288240746881,bart
60.73713855624086,118.22436297142819,127.12985487288185,110.05453193758083,76.40026177965623,55.767373974394744,bart
80.67837380611982,182.2443414759427,192.02603990084262,194.5404842185811,166.38209038234854,59.94997914928745,bart
124.1088232157569,123.40988615179904,130.72490198887127,127.64403628842203,92.28217596047462,50.76416058598822,bart
116.081867662439,138.02535998866296,147.15977711317723,107.50813922675809,97.16480844420988,31.464265445104548,bart
70.95773389842716,185.5882539386585,193.9278216244384,232.51236526258126,182.35405123001792,29.478805945967352,bart
58.80476171195663,135.71293232407882,143.61406616345073,224.50167037240502,152.34172114033635,56.22277118748239,bart
44.090815370097204,109.49429208867465,115.43829520570719,204.1984329028996,141.8062057880402,48.83646178829912,bart
78.80355321938218,104.40785411069419,113.95613191048562,187.70721882761995,101.83810681665287,47.43416490252569,bart
48.518037882832814,41.12177038990418,48.82622246293481,70.178344238091,70.00714249274856,10.344080432788601,bart
38.65229618017538,119.13857477744142,128.39392508993564,120.80976781701055,82.30431337420902,73.74279625834649,bart
80.88263101556477,144.4506836259351,152.44999180059014,251.61279776672728,160.6424601405245,42.2729227756965,bart
142.08096283457542,73.76313442364011,74.87322618933953,80.90735442467513,100.26464980241042,23.958297101421877,bart
50.6458290484024,64.8459713474939,70.66823897621902,86.33075929238663,91.29074432821763,17.26267650163207,bart
63.52164985262898,105.49407566304374,114.9695611890382,189.1824516174796,103.67738422626219,48.92851929090027,bart
76.8049477572897,114.37657102746174,124.03628501370073,191.75244457372636,111.72287142747452,55.08175741568164,bart
74.59892760623305,111.00900864344298,120.16655108639841,208.4178495234993,117.52871989433051,34.36568055487916,bart
69.63476143421474,137.26252219743014,146.4445287472359,91.49863386958299,101.07917688624102,25.92296279363144,bart
41.80908992073375,46.75467891024384,55.072679252057455,64.91532946846992,71.17583859709698,41.689327171351664,bart
65.67343450741707,153.0294089382822,161.8177987738061,91.7551088495894,108.06479537758817,24.939927826679853,bart
69.46941773183363,66.64082832618455,72.26340706055866,102.90772565750348,97.69851585361981,20.493901531919196,bart
40.23679907746142,160.4836440264241,167.45148551147582,51.048996072400875,106.88779163215975,50.53711507397311,bart
119.55751753863075,155.73695772038184,164.84234892769516,222.9147819234965,156.5055909544448,75.9802605944465,bart
81.6639455328972,146.24978632463024,154.95160534825058,91.67333309092672,100.84145972763385,55.235857918565905,bart
57.0,186.86358660798524,196.4306493396588,200.1074711248933,171.92440199110771,41.060930335295616,bart
63.56886030125127,77.36278174936577,77.6273147803014,81.49233092751734,99.9699954986495,66.01514977639603,bart
62.93647591023825,93.41306118525397,102.84454287904633,108.78419002777932,77.05193054038295,73.05477397131553,bart
45.0,42.8485705712571,50.06995106848019,79.31582439841371,74.2024258363566,16.186414056238647,bart
62.177166226839255,90.96153033013462,100.6429331846007,96.43132271207318,80.2869852466762,71.07038764492565,bart
69.18814927427962,103.87492478938312,113.38871196022997,133.3079142436787,72.04165461731151,36.837480912787726,bart
81.04936767180853,89.38679992034618,99.04039579888602,183.2184488527288,87.80660567406076,63.914004725099176,bart
76.11832893594026,133.79461872586654,143.68716017793656,179.1479835220034,121.33012816279393,39.8622628559895,bart
83.60621986431393,144.2809758769326,152.9117392484959,90.29950165975447,98.32090316916337,53.04714883949938,bart
80.18104514160439,127.4872542648872,131.26309458488322,168.01488029338353,146.01369798755184,73.8850458482635,bart
40.7308237088326,96.48315915225828,99.62931295557549,182.2909761891685,139.38794782907166,95.17877914745492,bart
63.05553108173778,59.75784467331465,65.1766829472013,97.03607576566563,94.87360012142472,40.422765862815474,bart
63.75735251718032,144.30869689661813,151.5585695366646,233.8076132207846,163.47782724271815,43.37049688440288,bart
53.637673327615545,116.8289347721702,122.87391912037315,233.76911686533788,146.93195704134618,57.253820833198546,bart
103.2811696293182,96.94328238717729,106.04244433244644,174.55371666051687,88.19297024139736,55.14526271584895,bart
45.89117562233506,96.98453484963466,106.00471687618433,124.72770341828635,58.787753826796276,34.336569426778794,bart
63.72597586541927,60.340699366182356,65.92419889539804,94.73119866232032,94.57801012920498,22.825424421026653,bart
60.481402100149765,115.16075720487426,124.31009613060397,117.3839852790831,76.30203142774116,30.773365106858236,bart
73.3621155638249,77.18808198161165,82.75868534480233,210.4043725781382,114.53383779477574,52.81098370604357,bart
86.74099376880577,133.1164903383499,141.5450458334731,133.22537295875736,109.04127658827184,42.82522621072771,bart
71.90966555338719,123.2152587953294,132.4273385672309,118.43563652887589,85.45174076635303,60.56401571890688,bart
35.07135583350036,152.2136656151477,159.8311609167624,64.51356446515724,100.44401425669923,20.8806130178211,bart
60.06662967072483,101.7152889196113,102.96115772464877,88.34591105421914,93.48796714016194,33.27160951922825,bart
77.95511529078769,113.15034246523517,121.67168939404104,89.67162315916892,100.0399920031984,38.79432948254165,bart
49.889878733065686,75.9670981412348,80.49844718999243,83.8868285251028,96.40539403996023,65.95452979136459,bart
84.52218643646175,86.38286867197685,95.73400649716902,186.73242889225213,87.8179936004006,66.19667665374146,bart
83.12039460926542,137.5427206361718,146.50938536489735,102.22035022440492,94.85778829384543,46.74398357008097,bart
79.58643100428615,147.54999152829524,152.87249589118377,82.23138087129512,99.60421677820673,78.62569554541314,bart
103.2811696293182,113.25193155085701,121.47839314050874,102.86398786747479,73.60706487831179,38.3275357934736,bart
91.46584061823299,146.6731059192516,155.2610704587599,88.0,100.26464980241042,38.88444419044716,bart
65.19969325081216,122.62544597268545,129.91535705989497,124.76377679438852,89.8276126811795,55.614746245937326,bart
46.57252408878007,65.82552696332935,75.59100475585703,163.95731151735808,54.70831746635972,37.48332962798263,bart
94.32391001225511,94.53570753953238,98.68130522039117,175.8920123257449,91.35097153287424,31.670175244226233,bart
86.07554821202127,156.3009916795156,164.3319810627256,258.14918167602235,171.46428199482247,10.63014581273465,bart
82.02438661763951,105.53198567259123,115.31695452100702,173.1588865753069,95.2732911156112,64.28841264178172,bart
44.02272140611028,157.14961024450554,160.65802189744525,235.70108188126758,197.44872752185566,74.81978348003956,bart
65.3834841531101,51.12729212465687,56.96490147450446,104.19213022104884,88.6227961644181,37.960505792204614,bart
60.07495318350236,72.3118247591637,73.41661937191061,149.57941034781493,89.1010662113535,47.51841748206689,bart
86.47543003651384,130.4645545732633,134.52880732393342,242.87445316459284,169.88525539316237,74.3706931526122,bart
61.5223536610881,112.12938954618454,121.94260945215171,150.1266132302997,89.23564310296643,61.59545437773797,bart
33.74907406137241,70.33491309442275,74.26977851050857,54.57105459856901,101.56278846112882,59.481089431852205,bart
62.36184731067546,128.6118190525272,135.83077707206124,92.54728521139883,121.69634341261039,57.92236183029832,bart
88.60022573334675,54.16641025580336,63.75735251718032,162.87725439729147,42.0,14.352700094407323,bart
76.5963445602987,90.64766957842876,100.12991560967181,153.38187637397058,70.04998215560087,25.573423705088842,bart
75.7495874576225,147.0,156.68439615992398,187.7285274006058,135.60604706280617,57.4543296888929,bart
80.01874780324921,146.10954794263105,153.05881222588917,234.41416339462086,170.05293293560098,55.47972602672079,bart
65.06919393998976,125.7179382586272,135.37355724069602,132.95864018558552,94.41927769264072,28.89636655359978,bart
60.4979338490167,75.27947927556353,77.56287771866127,94.02127418834527,120.6358155772986,57.323642591866054,bart
85.70880934886448,115.17812292271479,119.50313803411188,234.25413550244957,153.9675290442761,85.60373823613078,bart
62.617888817813075,117.25612990372828,127.11412195346354,175.01428513124293,105.9197809665409,52.66877632905477,bart
63.655321851358195,123.8587905640936,133.7235955244997,180.17213991069764,113.71455491712571,11.789826122551595,bart
61.54673021371647,157.62613996415695,167.41863695538797,167.57983172207807,136.69674465765453,68.97100840208152,bart
69.13031173081747,202.42776489404807,211.53250341259616,250.56336523921448,201.36285655502607,62.433965115151864,bart
89.74408058473828,131.70801038661241,141.6474496770062,160.75447116643443,111.70049238924598,53.79591062525106,bart
74.7127833774114,152.79070652366264,156.51836952894698,209.0,166.38509548634457,49.58830507286975,bart
143.2550173641398,145.2583904633395,151.6673992656299,276.81221071332817,172.30786401090347,26.77685567799177,bart
64.91532946846992,168.02678357928536,174.3616930406447,131.86735759845953,153.4861557274792,53.54437412091022,bart
70.0,146.63219291819925,156.31378697990783,136.38914912851388,115.80587204455567,44.51965857910413,bart
66.94774081326419,134.29072938963435,139.67462188959024,151.18862391066332,128.42507543311004,81.68231142664855,bart
60.58052492344384,57.39337940912697,63.221831672294975,226.139337577521,95.25754563287887,33.74907406137241,bart
73.83088784512888,91.02197536858887,96.15612304996495,253.0928683309745,128.47178678604885,52.76362383309168,bart
86.33075929238663,103.85566907973777,107.41042779916668,250.10797668207226,145.2101924797292,33.77869150810907,bart
82.44392033376384,129.34063553268942,138.1086528788113,101.08412338245805,85.43418519538885,59.10160742314882,bart
144.30869689661813,143.06991297963384,149.47240548007514,275.321630098327,170.26156348395253,25.553864678361276,bart
115.52488909321661,143.31085094995424,152.88230767489088,125.10395677195825,108.61859877571612,22.67156809750927,bart
52.32590180780452,137.2989439143652,146.3967212747608,161.31335964513292,116.62332528272378,50.41825066382212,bart
60.991802727907626,143.09786860746738,149.40548852033515,95.7601169589929,106.82228231974825,35.66510900025401,bart
69.76388750635962,125.49501982150527,135.24052647043342,96.56603957913983,88.90444308357148,33.301651610693426,bart
87.40709353364863,83.89278872465738,90.44888059008801,234.76371099469355,115.2735876079165,61.71709649683789,bart
79.58014827832379,95.60334722173695,101.4051280754578,250.64915718988564,129.7304898626379,57.28874234961002,bart
87.88060081724521,145.19297503667318,154.395595792108,219.89542969329761,147.4143819306651,49.29503017546495,bart
82.71033792700887,88.58893836140041,97.99489782636645,113.34019587066187,89.98888820293314,23.45207879911715,bart
87.37848705488096,115.54220008291342,122.44590642402056,180.42449944505873,137.94926603646718,35.014282800023196,bart
70.2922470831599,89.49860334105779,95.02105029939419,180.41341413542398,125.13992168768526,54.52522352086234,bart
40.36087214122113,128.25365491868058,135.53597308463904,221.42267273249143,150.9271347372632,69.14477565225012,bart
72.5741000633146,139.83204210766573,149.77983842960975,56.64803615307419,103.62432146943111,63.15853069855251,bart
85.42833253669417,116.55899793666725,126.16259350536514,195.082034026714,115.04781614615725,31.448370387032774,bart
65.33758489567853,80.11866199581718,82.80096617793781,229.70851094376107,126.44761761298629,57.38466694161429,bart
72.3671196055225,155.97435686676192,165.63514119896178,174.37029563546653,137.76066201931522,71.50524456289902,bart
91.72240729505522,136.13596145030894,145.25150601628886,107.42439201596628,95.14725429564429,56.79788728465171,bart
65.46754921333164,112.8716084761797,122.2906374175881,126.41598000252975,78.16648898345122,42.0,bart
62.72160712226688,194.79733057719247,202.43764472054104,253.54092371844038,211.34332258200163,24.657656011875904,bart
72.069410986909,177.49929577325088,186.81809334215998,210.21179795625173,168.06546343612658,74.94664769020693,bart
58.008620049092706,154.79987080097968,162.4068964052943,61.237243569579455,102.63040485158382,33.85262175962151,bart
71.02816342831905,93.68564457802486,99.68951800465283,188.46219780104445,126.43970895252804,52.92447448959697,bart
86.00581375697809,160.3807968554839,168.4547416963975,257.24890670321616,173.90227140552247,64.15605972938177,bart
61.773780845922005,131.988635874457,138.13761254633005,143.2131278898691,125.0959631642844,78.03204469959762,bart
71.95137246779939,80.60397012554654,85.33463540673272,146.77193192160414,60.67124524847005,56.52433104425032,bart
63.25345840347388,125.27170470621049,134.43957750603056,100.61808982484213,98.41239759298622,55.66866263886712,bart
60.81118318204309,110.72939989000211,119.7246841716444,211.38117229308764,118.91593669479293,62.0403094769844,bart
57.879184513951124,64.50581369148055,74.06753674856482,162.3853441662763,70.71774883294857,77.68526243760782,bart
57.42821606144492,93.05912099305473,102.62066068779717,151.67399249706588,71.76350047203663,91.53141537199127,bart
62.10475022089695,101.2768482921936,110.7158525234756,147.15298162116866,77.1167945391923,26.019223662515376,bart
68.27884006044626,114.93911431710269,124.59534501738017,137.1459077041674,87.39565206576354,26.43860813280457,bart
96.95875411740809,156.19859154294574,165.44787698849447,223.36293336182706,157.0286598045083,22.64950330581225,bart
88.47033401089882,112.73420066687837,115.73245007343446,237.19612138481523,156.74501586972391,24.372115213907882,bart
69.17369442208505,108.78878618681247,112.32096865679178,132.7365812427004,104.2401074443038,41.400483088968905,bart
76.71375365604267,168.32706258947192,177.59786034747154,201.79444987412316,157.81001235663092,48.83646178829912,bart
72.62231062146122,137.93114224133723,147.26167186338745,116.09478885807063,100.12492197250393,35.70714214271425,bart
87.76103919165953,138.85243966167826,148.25316185498372,117.57976016304848,101.5381701627521,24.413111231467404,bart
66.89544080129826,86.83317338436964,93.73899935459093,93.35416434203673,102.36210236215355,58.9915248150105,bart
123.92336341465236,98.45811292118086,103.21337122679407,251.815408583351,131.73458164050928,65.16133823057964,bart
46.87216658103186,77.9807668595276,81.44937077718895,50.457903246171455,100.58329881247681,60.091596750294464,bart
87.0,130.0076920801227,139.5886814895821,127.66753698571928,96.44687656943589,56.02677931132576,bart
67.07458535093602,141.06027080648894,149.26821496889417,198.3078414990189,154.97741770980699,54.49770637375485,bart
85.49853799919622,135.66502865514016,144.90686664199183,112.1338485917611,96.30680142129111,30.822070014844883,bart
69.14477565225012,139.21925154230647,147.1631747415093,77.44029958619737,88.83692925805124,84.10707461325711,bart
106.68176976409794,123.9395013706284,126.59383871263246,186.16659206205608,148.74474780643516,44.28317965096906,bart
67.12674578735364,138.88484438555562,148.19581640518737,213.82703290276467,140.2105559506844,50.70502933634887,bart
66.94027188471824,151.46286673637206,159.78110025907318,78.7273777030583,103.00970828033637,25.865034312755125,bart
69.66347680097513,149.60280746028798,157.96835126062436,81.20344820264715,101.64152694642087,37.86819245752297,bart
66.55073252789934,133.13902508280583,139.74619851716898,56.95612346359257,107.46627377926528,75.27283706623525,bart
94.26027795418386,137.82234942127494,143.44336861632885,264.01893871463085,169.95587662684687,26.1725046566048,bart
151.78273946664686,143.33875958721003,149.33519344079613,280.49420671379295,172.73100474437123,26.70205984563738,bart
75.58438992278762,88.10788840960836,97.65244492586962,84.35638683585256,70.80254232723568,27.2213151776324,bart
140.12137595670404,178.23579887329032,187.28320800328044,240.8837894089181,180.0499930574839,49.889878733065686,bart
89.81647955692763,176.41145087550296,181.2015452472743,271.4148116813082,211.11845016483045,61.97580172938467,bart
65.83312236253116,129.46428078817723,134.662541190934,146.26346091898688,125.55476892575606,87.41281370600079,bart
73.76991256603196,67.77905281132217,73.54590403278758,227.58514890036213,101.26203632161463,58.82176467941097,bart
66.21933252457322,88.19297024139736,97.90301323248433,109.31148155614761,81.10487038396646,83.43860018001261,bart
64.13267497929586,136.7369737854396,145.6365338780074,112.8228700219951,123.76590806841762,36.68787265568828,bart
62.49799996799898,105.9669759878048,115.02173707608489,207.45601943544565,113.39753083731586,39.64845520319802,bart
67.08949247087803,123.81437719424994,133.37541002748594,130.51053597315428,91.32360045464699,64.35837163881635,bart
68.62215385719105,105.65509926170151,109.14210919713803,133.01503674397117,105.30906893520614,39.736632972611055,bart
93.57884376289333,122.86578042726136,129.06974858579372,119.03780911962384,87.82368700982668,17.08800749063506,bart
85.89528508596965,38.948684188300895,40.422765862815474,210.43288716358,90.7028114227999,70.41306696913578,bart
74.24957912338628,144.97241116847025,149.96666296213968,223.8861317723811,178.6840787535364,65.58963332722634,bart
144.20471559557268,149.78985279383915,156.4288975860918,276.63333132505926,175.11995888533093,27.313000567495326,bart
64.10928169929842,185.81980518771405,195.04358487271506,240.8775622593354,185.52358340653083,40.422765862815474,bart
48.46648326421054,91.78235124467012,100.25467570143549,177.451401797788,85.98837130682264,43.46262762420146,bart
63.229739838148944,123.23148948219364,129.5414991421668,111.8436408563312,123.79822292747178,39.331920878594275,bart
63.608175575157006,107.44300814850634,112.08478933378963,68.45436436049933,95.9218431849597,57.463031594234565,bart
61.163714733492114,149.9266487319716,155.1418705572419,207.36923590542548,165.49018097760361,49.13247398615299,bart
39.93745109543172,123.45849504995596,132.72904731067726,121.57713600837947,116.3958762156117,13.19090595827292,bart
35.24202037341219,79.012657213892,86.83317338436964,67.86751800382861,83.62415918859813,24.289915602982237,bart
59.74110812497538,103.96634070698074,113.34019587066187,193.01295293321638,104.54185764563398,30.870698080866262,bart
66.01514977639603,121.2270596855339,130.9465539829132,143.72543268329375,94.58329662260668,50.17967716117751,bart
61.05735008989499,113.44161493913951,119.7914855071094,149.90997298378784,133.24413683160697,40.50925820105819,bart
46.861498055439924,68.22023160324215,69.77822009767804,87.84645695758026,112.41885962773328,40.07492981902776,bart
64.47480127925948,103.29085148259743,112.91589790636215,137.10579856446626,73.54590403278758,39.370039370059054,bart
56.1159513863928,110.3675676999362,116.62761251093156,150.92382184400182,134.92590559266222,37.3496987939662,bart
68.60029154456998,88.60022573334675,98.3107318658548,166.76030702778164,77.20103626247513,53.898051912847464,bart
65.87108622149782,158.44872987815333,163.83223126112884,203.66639388961548,166.0511969243221,45.71651780264984,bart
68.22023160324215,59.033888572581766,68.42514157822401,146.14034350582318,51.24451190127583,42.906875905849866,bart
75.95393340703298,86.49277426467485,96.15612304996495,90.71383576941281,87.01149349367589,34.785054261852174,bart
64.93843238021688,112.69871339105873,120.93800064495858,216.078689370331,129.19365309487924,50.33885179461288,bart
69.31810730249349,150.1532550429727,157.82585339544343,65.42935121182236,98.31581764904364,28.106938645110393,bart
98.96464014990404,97.86214794290998,106.23558725775464,102.31813133555558,57.59340239992772,20.248456731316587,bart
69.6419413859206,125.15989773086265,134.82581355215328,132.808132281122,93.78166132032425,46.08687448721165,bart
61.53048025166064,120.37026210821342,130.09996156801893,189.56265454988755,115.32129031536198,14.212670403551895,bart
42.5205832509386,157.30225681788548,163.86274744431694,98.62048468751307,114.75626344561765,56.595052787324086,bart
59.06775770248944,73.79701890998037,83.31266410336426,97.08758932015976,81.03085831953157,56.824290580701486,bart
97.64220398987315,97.86214794290998,106.23558725775464,103.50362312499017,57.59340239992772,21.633307652783937,bart
52.57375771237966,72.06247289678588,81.93900170248598,164.69972677572966,61.09828148156051,40.47221268969612,bart
124.683599563054,139.00359707575916,147.74640435557137,231.70886905770354,148.19581640518737,29.614185789921695,bart
20.615528128088304,97.02061636580135,103.99038417084533,202.41047403728888,124.71166745737946,69.95712972957081,bart
62.112800613078136,126.94880858046679,135.65765735851406,126.49505919204908,94.13819628609845,43.840620433565945,bart
37.17526059088221,106.58799181896617,115.03912377969506,74.73285756613352,119.1217864204529,41.048751503547585,bart
32.93933818400121,92.13576938409967,101.47906187977893,163.3187068280912,80.46117075956576,51.146847410177685,bart
59.20304046246274,80.21845174272562,84.87638069569178,167.5768480429203,108.85311203635843,35.91656999213594,bart
63.89053137985315,135.59867255987427,145.1482001266292,124.95599225327291,100.98019607824101,53.376024580330075,bart
34.77067730142742,112.12938954618454,121.28478882366082,122.0409767250328,78.04485889538144,79.52358140828417,bart
57.323642591866054,47.686476070265456,57.41950887982237,186.49128665972574,60.61352984276695,43.73785545725808,bart
51.24451190127583,111.41813137905338,117.90250209389112,152.58112596255148,135.37355724069602,37.815340802378074,bart
58.728187440104094,119.70797801316336,128.89142717807107,149.59278057446488,121.77848742696716,45.902069670114,bart
70.07139216541941,87.71544903835355,97.2265395866787,85.95929269136641,61.91930232165088,36.40054944640259,bart
71.56116265125938,108.17116066678771,117.90674280973077,140.86163423728976,80.56674251823763,74.42445834535849,bart
67.20863039818622,88.80315309717331,97.82126558167197,129.00775170508166,51.24451190127583,41.641325627314025,bart
66.85057965343307,121.90159966136622,131.5864734689702,192.41881404893857,117.8558441486887,40.80441152620633,bart
67.34983296193094,101.95587280779857,111.67810886650973,141.7250859939764,74.73285756613352,46.05431575867782,bart
121.24768039018313,99.28242543370907,109.09628774619236,152.80706789936124,78.33900688673555,41.41255848169731,bart
56.515484603779164,109.4988584415381,119.0,130.05767951182276,76.3544366752843,39.230090491866065,bart
33.61547262794322,107.9166344916297,117.10251918724892,206.92752354387272,114.65600725648875,62.10475022089695,bart
76.249590162833,149.98999966664445,155.3769609691218,37.62977544445356,115.13904637437292,48.86716689148246,bart
62.465990746965666,99.26731586982696,109.01834707974616,180.01388835309348,93.72299611087985,88.21564487096379,bart
66.94774081326419,100.0399920031984,109.4486180817282,109.25657874929088,102.26436329435587,52.630789467763066,bart
76.98051701567093,111.09455432198286,120.93386622447825,85.47514258543241,89.11789943664516,29.410882339705484,bart
29.478805945967352,127.46764295302553,137.0656776877421,123.7457069962429,94.33981132056604,68.66585760041157,bart
61.69278726074872,145.72576985557495,154.56713751635564,95.65040512198576,101.51847122568385,58.39520528262573,bart
61.98386886924694,100.68266980965493,110.00909053346456,77.05193054038295,104.12492496996096,89.67719888578144,bart
47.89572005931219,142.0492872210206,151.594854793954,129.71121771072848,109.07795377618706,42.906875905849866,bart
43.23193264243457,118.61703081766969,126.96850003051938,141.4142849927121,97.99489782636645,41.97618372363071,bart
66.59579566308972,106.10372283760829,110.76551810017412,151.17208737065187,137.46272221951665,42.391036788453285,bart
95.96874491208062,78.59389289251423,88.48728722251576,166.11441839888553,68.02205524680947,67.01492371106603,bart
68.1615727518079,96.60227740586657,106.37198879404295,177.05648816126453,89.89994438263018,49.56813492557492,bart
72.78736154031138,138.00724618656804,147.80054127099805,139.7247293788755,108.93117092916977,42.34383071948026,bart
66.07571414672717,94.89467845985885,104.08650248711405,132.808132281122,61.27805479941412,30.95157508108432,bart
22.494443758403985,137.57179943578552,144.35026844450272,80.51707893360265,92.05433178292046,31.591137997862628,bart
77.0454411370329,112.0446339634344,121.90570126126177,157.64199947983406,92.91931984253867,62.24949798994366,bart
40.8166632639171,114.45086281894078,123.69316876852982,124.77980605851253,78.79720807236764,86.28441342444185,bart
53.68426212587819,74.73954776421918,83.3606621854697,205.50669088864237,92.44457799135652,41.53311931459037,bart
77.3950902835574,131.53326575433303,138.42687600318084,113.1238259607586,101.90191362285597,63.76519426771944,bart
74.04728219185361,77.6530746332687,87.52713864853574,161.31026005806325,63.63961030678928,65.03076195155643,bart
72.069410986909,153.4079528577316,161.83015788165073,80.82697569499925,105.61249926026748,50.60632371551998,bart
106.01886624558857,147.31598691248686,157.02547564010115,136.81008734738825,116.45600027478189,35.09985754956849,bart
40.80441152620633,149.98999966664445,155.3769609691218,35.52463933666322,116.14215427655886,72.79423054061358,bart
67.21606950722423,87.66983517721475,97.16480844420988,189.6180371167258,90.36592278065886,52.076866265166146,bart
31.921779399024736,150.71164520368026,159.17600321656528,82.87943049997388,103.26664514740469,60.802960454241045,bart
48.744230427815765,141.48498153514387,148.17894587288708,214.91626276296543,159.95936984121937,37.749172176353746,bart
77.23988606931007,140.34600101178515,147.38385257551113,155.50562690783894,134.6142637315972,44.41846462902562,bart
61.13918547053109,121.93030796319675,128.07810117268292,210.77713348463584,137.6735268670052,42.532340636273474,bart
77.22046360907191,169.72919607421701,179.42965195307045,206.70026608594387,160.80422880011582,63.0,bart
57.59340239992772,101.0,108.28665661105249,195.01282009139808,123.8587905640936,18.601075237738275,bart
24.372115213907882,94.41927769264072,103.84603988597736,137.6154061142865,64.22616289332565,29.068883707497267,bart
84.581321815162,112.43220179290273,118.81919036923287,96.6902270139025,100.43903623591775,71.45628033979938,bart
77.78174593052023,114.77804668141029,124.59935794377112,145.3994497926316,89.40917178902845,27.03701166919155,bart
23.173260452512935,93.52539762011173,102.39140588936164,81.10487038396646,101.31633629380802,36.90528417449187,bart
74.74623736349542,120.93386622447825,129.59166639873106,93.60555539069249,96.38983348880731,63.06346010171025,bart
64.93843238021688,105.26632889960588,114.51637437502114,99.25220400575496,87.02873088813831,56.66568626602876,bart
38.948684188300895,127.31457104353767,135.21094630243513,154.02272559593277,129.34450123604017,47.56048780237646,bart
57.9396237474839,118.46096403457132,127.61661333854617,81.44323176298937,98.62048468751307,44.01136216933077,bart
49.13247398615299,144.98620624045586,153.2122710490253,79.724525711979,96.13012014972206,57.463031594234565,bart
62.37788069500277,145.15164484083533,153.9675290442761,94.96315074806648,100.69260151570224,57.73214009544424,bart
47.59201613716318,226.28742784343984,234.7615811839748,237.17082451262846,234.06409378629607,44.91102314577124,bart
118.56643707221703,116.57186624567696,121.18580774991764,216.58716490133943,131.190700889964,32.38826948140329,bart
123.59207094308275,117.36268572250722,122.00409829181969,53.99073994677235,113.09288218097548,29.086079144497972,bart
27.073972741361768,123.14625451064275,133.09395177843356,166.2828914831589,106.74736530706507,55.68662316930342,bart
76.249590162833,152.499180325666,159.84367363145782,85.53946457629952,105.85839598255775,55.10898293381942,bart
51.07837115648854,98.72183142547549,108.63240768757728,170.21457046915813,87.95453370918409,75.95393340703298,bart
65.67343450741707,126.11106216347557,135.18505834595774,148.4688519521856,132.41601111648092,57.245087125446844,bart
108.31897340724754,89.64373932405988,98.96969233053117,146.6731059192516,64.5445582524197,28.948229652260256,bart
48.14561246884289,163.6276260293475,173.50792489105504,151.2249979335427,136.2130683891968,37.656340767525464,bart
57.784080852774665,126.75567048459804,134.01492454200763,241.20945255109717,149.98999966664445,48.27007354458868,bart
33.301651610693426,146.7140075112121,156.56947339759432,166.59531806146293,127.06297651164952,46.92547282660026,bart
87.28115489611719,82.19489035213807,86.91950298983537,111.95088208674373,81.96340646898469,52.896124621752776,bart
61.212743771211564,112.0267825120404,121.85647295076286,149.33519344079613,88.60022573334675,55.37147279962851,bart
64.45153217728807,111.80339887498948,116.52896635600952,212.8966885604377,149.56603892595405,43.139309220245984,bart
69.82120021884471,162.21282316759056,171.99418594824652,143.96527359054335,132.48773528142144,54.59853477887479,bart
77.80745465570763,89.60468737739114,96.26006440887103,186.61189672687001,120.24558203942463,49.0,bart
67.01492371106603,118.84864324004712,128.64680330268607,143.52700094407325,92.33092656309694,28.372521918222215,bart
85.95929269136641,129.0968628588627,138.84163640637487,136.88316185711082,99.32774033471213,64.28841264178172,bart
65.03076195155643,104.81412118603103,112.8583182578936,81.5659242576212,95.05787710652916,73.38255923582933,bart
81.98780397107853,98.42763839491425,104.66613587975817,206.11889772653063,107.87956247593888,50.309044912421065,bart
77.49838707999025,105.20931517693668,110.58933040759402,244.38085031360376,140.45995870709916,72.56031973468694,bart
58.463663928973865,136.15799645999496,146.05478424207814,72.05553413860729,106.36258740741502,84.69356528095862,bart
75.45197147855052,115.45561917897284,124.93598360760602,94.84197383015602,90.60905032059435,31.464265445104548,bart
81.93900170248598,138.6145735483827,147.5567687366459,101.07917688624102,95.62426470305536,68.52736679604726,bart
80.06247560499239,91.79324593890337,101.01980003939822,133.6899397860587,58.27520913733386,46.78675026115834,bart
69.70652767137379,122.92273996295397,131.45721737508367,132.5028301584536,91.46584061823299,76.0920495189872,bart
53.99073994677235,140.24621207005913,142.75153239107453,127.29886095327012,107.54533927604673,39.26830783214372,bart
83.95832299420945,110.3313192162588,116.30133275246678,137.64446955835166,97.88258272031854,68.36665854054884,bart
31.160872901765767,134.46560898608982,144.24285077604367,162.71447384913242,114.9826073804208,70.58328414008518,bart
79.08223567907018,139.47759676736618,149.01342221424215,130.87780560507576,107.02336193560731,15.684387141358123,bart
47.7283982551269,118.0762465528101,127.97265332874832,150.82771628583387,95.08943158942533,37.107950630558946,bart
57.4978260458602,128.191263352851,131.68902763708144,102.22035022440492,90.43229511629129,11.180339887498949,bart
41.30375285612676,86.73522929006414,95.2260468569393,74.09453421137081,72.47758274114831,44.384682042344295,bart
60.6217782649107,136.194713553794,144.98965480336864,98.39715443040006,92.02716990106781,43.749285708454714,bart
99.16148445843275,176.24131184259835,186.0698793464434,183.1447514945487,157.64199947983406,59.43904440685432,bart
72.30490993010088,138.8344337691482,145.91778507090902,90.97801932335085,110.33585092797354,60.90155991434045,bart
87.57853618324526,129.0348790056394,138.88484438555562,171.26879458909028,114.0175425099138,82.40145629781065,bart
98.4733466477097,171.68284713389394,178.99720668211557,45.4972526643093,118.3427226321923,92.84934033152847,bart
100.92571525632107,147.15298162116866,155.8492861709671,91.13177272499422,101.65628362280415,63.48228099241551,bart
69.92138442565336,106.90650120549265,114.42901729893515,109.73149046650191,81.3142054010245,71.39327699440614,bart
77.3950902835574,132.21951444472938,142.13022197970423,175.1485084150019,118.28778466096996,30.773365106858236,bart
122.74363527287271,129.60709857102736,139.5456914419073,162.43460222501855,110.58028757423268,48.093658625644196,bart
67.54998149518622,63.51377803280167,72.94518489934754,161.42180769648195,50.039984012787215,47.80167361086848,bart
51.234753829797995,66.67083320313314,74.95331880577403,61.335144900782616,90.52623929005335,42.46174749112429,bart
52.124850119688595,157.94619336976754,161.78998732925348,193.52260849833542,153.49918566559236,58.26662852782886,bart
66.34003316248794,131.84839779079607,138.25700705570043,199.14065381031568,152.7023248022112,27.676705006196094,bart
64.06246951218786,104.81412118603103,112.8583182578936,78.14729681825213,94.83670175622937,73.38255923582933,bart
55.190578906186516,152.4893438899912,160.3059574688352,67.30527468185537,101.4051280754578,51.0,bart
63.079315151640635,122.06965224821442,131.59787232322566,143.0873858870865,118.87388274974448,26.70205984563738,bart
51.34199061197374,39.0,46.71188285650665,63.06346010171025,70.2922470831599,44.721359549995796,bart
72.17340230306452,134.12307780542466,143.68716017793656,91.89668111526117,92.44457799135652,35.91656999213594,bart
80.84553172563095,132.2648857406984,140.82968437087402,232.29507097654914,143.71499573809268,46.62617290749907,bart
69.72804313904126,63.25345840347388,73.06161783043132,106.47065323364932,57.7148161220323,43.12771730569565,bart
66.6783323126786,125.03599481749245,134.80726983364065,149.61617559608987,100.7670581092849,40.36087214122113,bart
75.05997601918082,35.888716889852724,41.60528812542944,181.5736765062601,80.23714850367004,37.322915213043046,bart
67.86015030929418,60.81940479813988,70.28513356322232,92.11405973031478,64.41273166075166,60.382116557802114,bart
86.45229898620394,196.95684806576287,206.26924152669974,240.7010594077226,193.8091845088875,64.47480127925948,bart
80.61017305526642,122.89019488958425,132.6386067478093,138.02535998866296,93.81897462667133,25.96150997149434,bart
65.34523701081817,157.88920165736477,164.69972677572966,197.44366285095097,151.38361866463623,55.52476924760696,bart
76.08547824650904,103.95191195932858,110.24064586167844,251.1473670974872,134.70708964267618,31.811947441173732,bart
112.51222155837117,165.90660023037057,175.4821928287882,213.01173676584114,160.14056325615942,12.36931687685298,bart
54.86346689738081,108.05091392487155,117.66052864066182,138.13761254633005,78.8986691902975,38.65229618017538,bart
28.160255680657446,136.06616037795732,145.8389522727039,163.4717100907677,116.67904696216884,69.31810730249349,bart
69.2098258919931,102.88828893513586,112.57441982972864,139.94641831786907,74.67261881037788,18.193405398660254,bart
64.66065264130884,131.55227098001768,137.58270240113762,160.11558325159984,111.33732527773424,39.42080668885405,bart
66.7757440991862,156.36815532582074,164.12190591142914,63.984373092185564,104.9809506529637,57.3149195236284,bart
68.00735254367721,99.39818911831343,104.74254150057655,177.89322640280602,125.25973016097392,73.00684899377592,bart
94.73119866232032,125.32757078951144,134.506505418883,113.37548235840057,85.77295611088614,48.176757881783615,bart
72.91090453423274,120.6979701569169,130.24208229293635,136.54303350958628,117.80492349643117,30.033314835362415,bart
82.63776376451628,86.97700845625813,86.70640114778148,209.84756372185979,139.44532978913278,50.12983143797713,bart
30.23243291566195,130.61010680647956,138.8668426947196,88.82567196480981,82.39538822045807,54.93632677928149,bart
80.02499609497022,121.93850909372314,127.86711852544421,200.50187031546614,132.81566172707193,33.85262175962151,bart
33.49626844888845,71.19691004531025,77.3950902835574,171.4584497771982,90.82400563727631,71.97916365171243,bart
82.58934555982388,197.8029322330688,203.35437049643167,246.734675309329,221.912144778063,41.66533331199932,bart
56.356011214421486,102.71319292087068,111.48542505637228,75.82875444051551,108.8898526034451,62.8887907341205,bart
71.33021800050803,106.36258740741502,116.2497311824849,174.40183485273312,96.60745312862771,44.294469180700204,bart
133.54774427147768,142.0774436706967,150.17656275198203,248.18339992835942,157.56268593801008,53.009433122794285,bart
60.50619802962338,125.21182052825525,134.33167906342868,111.72734669721643,84.95881355103778,37.8549864614954,bart
83.71977066380438,103.89417693018218,110.29505881951376,102.22035022440492,94.64671151181112,72.15261603018979,bart
69.49100661236676,59.033888572581766,68.42514157822401,146.14034350582318,51.24451190127583,42.20189569201838,bart
79.8373346248483,140.8900280360537,147.8546583642193,199.78488431310313,153.16984037335808,20.248456731316587,bart
70.60453243241541,107.74506949276147,117.56700217322886,151.66410254242763,85.72630868059116,44.553338819890925,bart
73.89857914736926,121.79490958164057,131.60927019021113,184.26339842735996,113.94735626595292,9.433981132056603,bart
75.37240874484509,134.1081652995074,140.22125373851142,228.30900113661747,163.6917835445628,42.906875905849866,bart
76.61592523751182,107.23805294763608,116.87172455303293,135.88598161694236,77.00649323271382,35.4400902933387,bart
122.74363527287271,129.60709857102736,139.5456914419073,162.43460222501855,110.58028757423268,46.70117771534247,bart
79.88116173416608,139.8177385026664,149.09728367747013,112.32987136109433,100.69260151570224,8.06225774829855,bart
77.08436936240706,103.83159442096611,113.63978176677391,145.89036979869508,79.0,22.64950330581225,bart
47.29693436154187,90.56489386070079,99.56404973684026,206.6180050237636,102.4792661956554,43.60045871318328,bart
67.72001181334805,149.90997298378784,158.33508770957877,82.24354077980836,102.23991392797629,67.23838189605696,bart
108.23123393919151,107.15876072445033,112.37437430304117,203.4059979449967,128.2692480682724,41.48493702538308,bart
97.92343948207701,93.96275858019496,99.80981915623332,224.39696967650877,114.0570032922135,78.65112840894274,bart
65.68865959965997,133.03007178829907,142.7935572776307,170.6985647274165,117.11959699384215,22.737634001804146,bart
80.52949770115296,99.498743710662,106.8971468281544,88.2269800004511,101.55294185792945,50.0199960015992,bart
135.5322839769182,143.56183336806478,151.19854496654392,257.8623663895141,162.81891781976688,19.390719429665317,bart
77.44029958619737,148.73466307488647,157.29272074701996,86.37708029332781,102.03920815059278,70.45565981523414,bart
101.41498903022176,169.64079697997178,176.79649317789082,43.37049688440288,115.83609109426992,95.12097560475291,bart
70.44146506142529,122.81693694275232,132.64614581660487,143.7810835958611,96.30160954002794,57.463031594234565,bart
70.43436661176133,124.0806189539688,133.93655214316965,84.95292814258964,98.5190336940025,65.94694837519019,bart
71.28113354878694,94.64142856064674,103.27632836231156,215.18828964420902,109.98636279102969,83.33666660000267,bart
107.67543823918248,104.08169867945085,111.11255554616679,242.01239637671455,130.04999038831184,61.35959582656978,bart
72.18032973047436,124.72770341828635,132.89845747788047,161.44968256394932,130.48754729858325,47.60252094164762,bart
71.03520254071216,114.93476410555685,123.14625451064275,230.141260968128,131.11064030047294,55.57877292636101,bart
70.60453243241541,113.6001760562016,121.72920767013971,231.02813681454472,130.6713434537198,52.23983154643591,bart
79.68061244744545,86.3365507765975,92.33092656309694,94.73119866232032,94.57801012920498,58.146367040426526,bart
99.443451267542,172.57462154094384,179.6468758425818,40.01249804748511,118.54113210189955,93.48796714016194,bart
46.400431032480725,68.79680225126747,76.9285382676676,57.89645930452051,32.14031735997639,109.78615577567146,bart
62.93647591023825,123.29639086364207,128.6118190525272,191.68985366993215,157.4229970493511,60.207972893961475,bart
55.40758070878027,68.38859554048467,76.14459928320589,35.34119409414458,80.85171612278863,83.49251463454674,bart
42.1070065428546,128.06638903318856,137.16413525408163,98.79777325425913,96.04165762834376,65.31462317123173,bart
68.7749954561976,94.79451460923254,104.69479452198185,157.08914666519772,76.72027111526653,45.4972526643093,bart
64.89992295835181,124.84390253432484,133.30041260251224,111.64676439557037,93.86160024205851,73.68174807915459,bart
65.612498809297,169.44025495731526,179.2567990342347,187.06950579931512,153.46009253222806,52.24940191045253,bart
48.394214530251446,101.01980003939822,109.33434958877288,13.96424004376894,118.3427226321923,93.14504817756014,bart
52.773099207835045,143.32131732579072,152.2957648787385,97.83148777362021,100.20977996183805,22.315913604421397,bart
68.27884006044626,144.33987668000827,153.0,90.74690077352504,98.55962662266938,40.311288741492746,bart
68.7386354243376,94.6044396421225,104.36953578511309,150.90725628676708,72.6636084983398,36.02776706930364,bart
63.89835678638379,68.47627326307996,77.6530746332687,184.808008484481,81.6639455328972,31.400636936215164,bart
67.38694235532579,150.45597362683876,158.25928092848142,80.52949770115296,103.27632836231156,41.47288270665544,bart
70.0,125.26771331831678,135.1258672497609,73.93240155709809,99.60923651951158,86.09878047916823,bart
51.40038910358559,134.80726983364065,143.88189601197226,203.3789566302276,140.29611541307906,34.64101615137755,bart
63.06346010171025,68.79680225126747,77.78174593052023,180.17213991069764,84.39786727163192,30.430248109405877,bart
65.39113089708727,103.31989159885913,112.71202242884297,83.95832299420945,89.92218858546538,34.322004603461025,bart
69.31810730249349,142.9300528230505,152.80706789936124,175.8124000177462,127.51078385768005,52.23983154643591,bart
60.56401571890688,103.19883720275146,112.6454615153225,197.86106236447839,106.53637876331258,20.97617696340303,bart
61.84658438426491,83.5404093837228,93.46657156438339,165.75282803017268,72.03471385380801,35.185224171518364,bart
38.3275357934736,123.37341690980274,130.25359879865124,165.26947691573298,130.6636904422954,79.5361553005927,bart
63.190189111918315,158.34771864475977,166.73631877908304,196.89083269670022,169.08281994336386,60.909769331364245,bart
31.591137997862628,121.75385004179539,127.85538705897378,191.7941604950474,148.43853947004465,69.63476143421474,bart
77.01298591796062,135.0,144.06248644251562,106.3202708800161,93.5147047260483,57.706152185014034,bart
65.43699259593154,127.81627439414747,137.65899897936205,145.6639969244288,101.76934705499491,38.28837943815329,bart
65.56675987114203,69.10861017268398,78.14729681825213,181.9313057172954,84.05950273467003,32.66496594212215,bart
107.93979803575695,129.4488315899375,135.57654664432192,153.8960688256851,106.75673280875544,30.675723300355934,bart
82.71638289964086,104.60401521930217,114.35471131527551,143.09088021254183,78.24321056807422,85.44003745317531,bart
81.35723692456621,101.46920715172658,109.30233300346337,227.9495558232128,121.26829758844642,75.98684096605149,bart
95.0420959364849,128.84486796143648,138.6145735483827,138.6145735483827,99.80480950335009,67.12674578735364,bart
48.176757881783615,86.05230967266364,92.46621004453465,94.19660291114536,107.49883720301351,88.28363381737297,bart
79.78095010715278,131.5864734689702,141.01063789657857,120.124934963562,95.10520490488415,21.213203435596427,bart
85.19976525789258,87.71544903835355,97.59610647971567,94.38749917229505,77.93587107359485,82.97590011563598,bart
72.92461861401813,112.37882362794157,121.94260945215171,131.32402674301454,80.05623023850174,45.36518488885502,bart
69.92138442565336,140.7444492688788,150.64527871792066,170.96198407833245,123.72954376380768,52.09606511052442,bart
67.50555532695068,141.5627069534911,150.12994371543607,89.51536181013849,95.13148795220224,56.68333088307355,bart
70.21395872616783,151.3571934200684,160.2186006679624,94.4986772394196,107.09341716464182,17.916472867168917,bart
71.02816342831905,124.05240827972668,133.4241357476225,120.22478945708326,87.28688332160795,23.958297101421877,bart
57.52390807307862,65.03076195155643,74.22937423958254,88.47033401089882,78.60661549767933,53.48831648126533,bart
68.24954212300622,107.81929326423912,115.99137898999219,150.79456223617615,112.98672488394378,63.35613624582863,bart
52.21110992882645,166.58331248957683,176.34341496069538,162.1449968392488,142.44297104455524,60.41522986797286,bart
78.28793010419933,90.98351499035417,100.48382954485761,188.06647760831805,91.85858696931932,85.38149682454625,bart
80.88263101556477,111.48990985734987,121.01652779682617,193.89430110243055,110.49886877249016,75.13321502504735,bart
78.8098978555359,104.69479452198185,108.93117092916977,154.33405327405873,125.78553175941977,51.507281038703645,bart
76.16429609731846,159.91872935963443,168.3478541591784,248.12899870833317,171.06723824274476,3.1622776601683795,bart
70.80960386840192,150.9006295546841,159.00943368240766,73.93240155709809,101.19782606360673,31.38470965295043,bart
64.93843238021688,146.78215150351218,155.28683137986943,85.55699854482975,99.72462083156798,44.01136216933077,bart
66.9776081985614,74.01351227985333,83.62415918859813,157.0063692975543,56.37375275782161,32.526911934581186,bart
64.27285585688566,157.610278852618,167.1825349730049,182.92621463311374,142.2708684165525,29.563490998188964,bart
66.34003316248794,74.01351227985333,83.62415918859813,157.0063692975543,56.37375275782161,32.526911934581186,bart
65.56675987114203,136.02940858505562,145.08962747212496,105.68348972285122,94.41398201537736,25.573423705088842,bart
84.30895563343196,104.71867073258713,112.18288639538564,191.637678967368,128.20296408429877,32.71085446759225,bart
63.2771680782255,114.41590798486021,121.8031198286809,100.58826969383657,97.6165969494942,20.248456731316587,bart
86.3365507765975,214.96278747727476,222.69710370815332,253.71834777958017,221.86933091349061,29.816103031751148,bart
78.60025445251433,134.14171610651178,143.86451960090784,193.48643363295525,127.80453826057978,45.70557952810576,bart
47.16990566028302,159.70597985047397,166.9520889357183,182.3458252881047,162.8097048704407,48.703182647543684,bart
30.199337741083,195.49680304291422,203.11573055772908,51.43928459844674,143.34922392534952,30.01666203960727,bart
149.42891286494725,106.21675950620975,113.10614483749325,240.05416055548798,132.5971342073425,48.80573736764972,bart
32.31098884280702,158.25928092848142,167.84814565552995,190.1709757034443,145.55411364849843,24.413111231467404,bart
87.01723967122837,137.90576492663388,145.3581783044903,70.97182539571601,85.31119504496465,91.90212184710427,bart
81.91458966508958,123.47469376354006,126.27351266199891,198.09593635408072,144.42645187083977,65.49045732013177,bart
27.820855486487112,122.58466462000865,132.43866504914644,164.98787834262248,112.6809655620682,71.95137246779939,bart
29.563490998188964,117.72425408555367,126.83847996566341,22.11334438749598,124.29400629153443,57.01754116059373,bart
39.81205847478876,167.1017654006085,176.6578614157887,125.33953885346794,131.35067567393781,94.75758544834287,bart
82.20705565825844,125.73384588089239,128.7089740461014,202.21028658305195,147.43812261420044,64.53681120105021,bart
44.204072210600685,150.22649566571138,155.43809056984713,160.34026319050372,127.66362050325849,78.74642849044012,bart
41.737273509418415,136.444127759314,145.16886718577092,95.88534820294495,91.52595260361949,53.54437412091022,bart
121.75795661885921,110.07270324653611,119.71215477135144,189.12694149697447,107.17275773255068,44.598206241955516,bart
127.67536959022284,130.01922934704697,138.8560405599987,174.4591642763429,116.21101496846157,55.52476924760696,bart
41.38840417314975,146.73445403176447,154.3243337908834,66.55824516917495,94.66255859631093,55.39855593785816,bart
41.15823125451335,101.13851887386922,111.04053313993049,156.63332978647935,82.33468284993876,35.832945734337834,bart
41.400483088968905,126.85030547854427,135.92645070036957,98.25477087653302,97.42176348229383,64.89992295835181,bart
62.95236294214857,87.50999942863673,95.18403227432636,174.47349368886955,81.10487038396646,60.423505360083176,bart
29.427877939124322,25.632011235952593,28.53068523537421,152.67612779999368,75.21303078589507,33.71943060017473,bart
60.83584469702052,190.4205871222962,197.02537907589468,20.615528128088304,135.31444860028807,77.25930364687478,bart
99.9749968742185,129.34450123604017,138.74076545846214,207.38611332488009,130.38404810405297,44.429719783046124,bart
54.2125446737192,158.29087149927503,167.9613050675661,168.12197952677099,137.42634390829147,65.37583651472461,bart
42.532340636273474,96.73675619949223,106.19322012256714,134.86660075793412,64.94613152451807,83.45657553482529,bart
106.70051546267244,128.62736878285276,138.54241227869537,174.43050191981905,115.04347004502254,60.0416522091123,bart
36.359317925395686,158.91507165778833,167.2752223134078,66.24198064671678,146.2908062729849,27.586228448267445,bart
37.54996671103717,154.21089455677247,161.2637591029057,218.87667760636353,177.11860433054457,53.03772242470448,bart
108.94952959971879,125.03999360204718,134.1044369139217,154.56713751635564,121.72920767013971,53.86093203798092,bart
48.53864439804639,135.55072851150598,140.80127840328723,195.3279293905508,135.55810562264435,73.03423854604085,bart
79.60527620704548,243.94056653209608,251.61081057856,258.61941149109435,243.55902775302746,62.36184731067546,bart
38.13135192987524,102.88828893513586,112.8228700219951,38.1051177665153,89.1403387922662,70.54785609782908,bart
60.860496218811754,152.32202729743324,159.75293424535275,59.9749947894954,99.55902771722914,58.29236656715869,bart
75.51158851461145,133.88427838995884,143.82628410690447,162.01234520862909,114.12712210513327,18.275666882497067,bart
61.0163912403872,150.87411971574184,159.57443404254957,89.56561840349231,105.22832318344715,53.907327887774215,bart
61.09828148156051,79.08223567907018,88.88756943465155,169.38417871808454,70.52659073002182,45.9782557302906,bart
56.789083458002736,153.2351134694656,162.67144801716125,215.50406028657557,151.594854793954,57.0701322935211,bart
65.58963332722634,134.39494038095333,143.76717288727633,117.29023829799307,96.91233151668574,62.39390995922599,bart
103.70149468546728,135.37355724069602,145.24806367039804,148.91944130972288,110.07270324653611,64.90762667052309,bart
64.03124237432849,145.00689638772357,153.8960688256851,97.3755616158387,101.2768482921936,57.043842787806646,bart
81.49233092751734,152.9901957643038,161.07451691686057,251.83526361492744,166.57130605239308,23.345235059857504,bart
61.106464469808756,141.1878181713989,150.3362896974646,79.14543574963751,107.03737664946763,34.49637662132068,bart
91.21951545584969,93.4986630920464,101.33607452432722,227.11010545548166,115.76700738984316,53.72150407425317,bart
62.39390995922599,145.68802284333466,154.69324484281788,101.06433594498111,103.12613635737547,78.41555968046137,bart
58.957611891934704,135.09626197641444,138.63621460498698,212.90843102141352,176.2980430974774,62.75348595894893,bart
61.106464469808756,140.6484980367725,149.78985279383915,71.30918594402827,106.25441167311595,36.069377593742864,bart
63.0,183.73078130786905,193.22008177205598,227.8464395157405,179.21216476567656,18.05547008526779,bart
89.71621926942753,83.07827634225448,91.52595260361949,121.90570126126177,89.2972563968233,72.18032973047436,bart
77.27871634544663,130.21904622596497,138.19551367537227,222.0,137.46635952115702,27.676705006196094,bart
38.61346915261564,191.90101615155663,197.70938268074178,221.14700992778538,213.58604823349302,36.959437225152655,bart
72.20110802473879,143.63147287415805,149.90997298378784,160.26852467031696,123.07314898059609,69.6993543729065,bart
20.223748416156685,160.0124995117569,166.47822680458847,189.56265454988755,186.10212250267324,36.51027252705737,bart
80.00624975587844,79.8373346248483,85.58621384311844,91.7877987534291,82.96987405076617,77.31752712031083,bart
57.62811813689564,77.20103626247513,81.01234473831751,71.19691004531025,95.88534820294495,54.63515351859094,bart
20.12461179749811,172.0639416031145,179.9916664737565,64.03905058634146,121.72099243762351,43.9089968002003,bart
20.97617696340303,174.55371666051687,183.37393489806558,90.21086409075129,129.49517365523704,65.64297372910524,bart
72.18032973047436,156.4033247728449,164.30763828866873,66.52067347825036,105.55567251455508,49.66890375275057,bart
30.675723300355934,150.136604464068,156.7226850203888,51.884487084291386,95.08417323613851,81.2773031048644,bart
78.65112840894274,155.73695772038184,165.47205202087753,135.5101472215273,123.9112585683803,74.27651041883968,bart
27.51363298439521,171.3505179449423,177.40913167027227,175.15136311202377,199.42667825544305,45.880278987817846,bart
25.475478405713993,172.7946758439044,178.80995498014084,176.87848936487444,201.06715296139248,45.32107677449864,bart
42.83689998120779,74.08778576796583,80.95677859203639,228.91046284519194,105.58882516630251,16.583123951777,bart
34.26368339802363,146.66969693839283,154.9548321285916,80.38034585643433,98.1936861514018,32.54228019054596,bart
46.74398357008097,112.41885962773328,121.64292005702592,96.55050491841045,102.75212893171606,53.38539126015655,bart
110.98648566379602,112.6454615153225,116.74759098157016,180.9834246554087,134.23114392718256,61.39218191268331,bart
92.84934033152847,99.94498486667553,108.47119433287347,210.25222947688331,115.14773119779652,58.83026432033091,bart
33.97057550292606,109.36635680134911,117.6010204037363,168.7275911047153,123.6567830731497,34.88552708502482,bart
50.039984012787215,144.3675863897433,154.13305939998725,131.96969349058898,124.66755792907793,57.91372894228103,bart
82.83718971573094,155.32224567009067,165.26947691573298,169.14490828872147,135.2959718543017,71.04927867332644,bart
34.322004603461025,98.28021163998376,102.56705123966468,155.67594547649293,137.80058055030102,66.03786792439622,bart
27.367864366808018,86.74675786448736,94.51983918733676,145.16886718577092,105.94810050208545,66.36264009214823,bart
45.0111097397076,111.14854924829204,120.8345976945345,139.1150602918318,82.60750571225353,56.19608527290847,bart
47.05316142407437,110.04090148667449,119.70797801316336,147.9526951427381,86.13361713059541,71.11258679024411,bart
30.14962686336267,142.25681003031102,151.47937153289223,47.43416490252569,112.11155159036913,22.891046284519195,bart
76.51143705355429,77.47257579298626,85.4692927313664,144.8516482474397,98.75221516502808,12.409673645990857,bart
39.74921382870358,116.76900273617139,123.54756169184401,61.87891401761993,102.65476121447071,94.75230867899737,bart
82.29216244576394,135.94851966829208,139.2587519691312,257.64510474682027,176.45679357848482,59.23681287847955,bart
27.748873851023216,155.54420593516173,161.74980680050285,144.64093473149293,126.82271089990152,49.558046773455466,bart
24.61706725018234,171.40011668607463,178.9441253576099,207.21245136332902,189.25643978475344,45.43126676640219,bart
24.657656011875904,187.91753510516256,197.38794289418996,211.94574777522666,180.5630083931922,27.09243436828813,bart
22.02271554554524,155.82361823549087,161.04036761011196,165.30577727351212,135.98161640457138,48.67237409455183,bart
47.391982444291145,122.81286577553672,131.89389675038038,157.03184390434953,129.3560976529518,46.65833258915282,bart
16.76305461424021,90.96702699330126,97.52948272189288,209.41824180333478,120.02083152519816,50.17967716117751,bart
23.043437243605826,156.83430747129276,165.0272704737008,73.23933369440222,107.50348831549607,89.09545442950498,bart
47.77028364998475,140.44571905188138,150.31300675590253,155.08707231745655,117.15374513859982,85.56868586112562,bart
29.171904291629644,177.9297614228716,184.54267799075637,213.91119652790502,201.8142710513803,43.0,bart
46.3033476111609,87.80660567406076,97.49358953285082,71.11258679024411,86.1974477580398,29.478805945967352,bart
45.79301256742124,76.06576102294646,77.12976079309465,181.9560386467017,125.4830665866913,50.21951811795888,bart
27.477263328068172,58.872744118140105,65.12296062065974,219.4766502386985,94.37160589923221,52.66877632905477,bart
28.861739379323623,111.35977729862789,116.40446726822816,127.33420593069248,135.2959718543017,66.58828725834597,bart
41.82104733265297,142.02464574854605,149.21796138535066,75.45859791965393,91.54780172128658,67.53517601961218,bart
29.698484809834994,111.97767634667188,117.11532777565881,131.68523075880606,137.16413525408163,67.01492371106603,bart
30.789608636681304,186.31425066269085,195.76005721290542,209.5256547537795,179.2567990342347,41.41255848169731,bart
27.331300737432898,184.97837711473198,191.28512749296533,200.5442594541165,210.449518887547,29.34280150224242,bart
42.62628297189423,145.25150601628886,153.70426148939399,84.90583018850944,97.86725703727473,55.11805511808268,bart
44.56455991031439,107.70793842609746,116.11201488218177,71.14070564732964,104.19213022104884,51.67204273105525,bart
108.5080642164443,121.00826418059222,125.36347155371855,182.49657531033287,137.18600511714013,61.35144660071187,bart
41.09744517606904,111.89280584559492,121.43722658229642,132.29134514396625,80.06247560499239,69.34695379034324,bart
43.09292285283048,157.96518603793686,167.5768480429203,133.09395177843356,125.23178510266473,71.87489130426563,bart
42.05948168962618,153.05227865013967,162.9048802215575,164.2254547870092,131.5864734689702,43.23193264243457,bart
119.23925528113634,125.64234954823155,135.5912976558599,162.24364394329905,107.07940978544848,52.773099207835045,bart
47.01063709417264,154.07141201403977,163.9176622576103,166.20770138594662,133.18408313308313,26.720778431774775,bart
61.927376821564145,134.25349157470728,141.8555603422016,204.54339392901448,154.4474020500183,58.44655678480983,bart
35.58089374931439,156.5822467586923,163.74675569305182,61.862751312886175,106.89246933250256,46.54030511288038,bart
22.293496809607955,153.8765739155899,159.11316727411344,159.6433525080202,133.42038824707413,47.59201613716318,bart
89.2468486838611,168.66831356244717,175.80102388780332,265.03584663211126,190.23406634985227,27.386127875258307,bart
39.21734310225516,104.28326807307106,114.08768557561329,69.0869017976635,82.24962005991274,57.358521598799946,bart
54.92722457943783,125.35549449465708,128.78276282173792,160.92855557669063,147.61097520171052,52.43090691567332,bart
33.0,51.749396131742444,58.35237784358063,65.13063795173512,88.41945487278238,68.00735254367721,bart
60.90155991434045,57.79273310719956,66.29479617586888,161.28856128070584,81.54753215150045,70.34912934784623,bart
72.86288492778748,138.9136422386225,147.13938969562162,83.7615663654877,90.4267659490264,20.42057785666214,bart
71.50524456289902,140.15348729161184,148.45874847916508,84.7938677028003,92.15747392371387,20.42057785666214,bart
71.84010022264724,140.04642087536547,148.19581640518737,81.40024569987489,91.01098834756164,20.248456731316587,bart
59.54829972383762,61.94352266379432,71.56814934033156,156.7226850203888,43.669211121796096,64.15605972938177,bart
82.43178998420451,59.10160742314882,68.97825744392213,89.35882720806042,53.41348144429457,81.14185110040317,bart
49.879855653359705,54.29548784199291,63.0158710167526,155.98717896032352,76.9285382676676,70.27090436304346,bart
58.625932828399414,62.77738446287803,72.40165743959182,156.41611170208776,44.28317965096906,69.52697318307479,bart
62.71363488110062,131.06486943494812,134.74791278531924,206.65188119153427,160.92234151913152,79.00632886041473,bart
58.73670062235365,63.66317616958802,73.25298628724975,155.08062419270823,43.8520238985614,49.02040391510457,bart
42.555845661906424,164.16455159382002,173.95689121158725,181.99725272651781,147.34313692873516,50.61620293937506,bart
48.95916665957459,72.9520390393579,80.00624975587844,179.6385259347226,103.74005976477939,28.142494558940577,bart
67.83067152844649,101.67103815738285,105.66929544574431,122.09013064126027,101.74969287422935,33.61547262794322,bart
42.5440947723653,163.95426191471816,173.76420805217626,162.52384440444425,140.3246236410417,75.1265598839718,bart
65.00769185258002,100.28958071504736,104.52272480183436,139.92140651094098,108.60478810807561,43.09292285283048,bart
148.95301272549005,100.20479030465559,110.09995458672996,168.45177351396453,88.09653795694811,30.430248109405877,bart
73.06161783043132,74.60562981437795,84.38601779915912,172.9421868717983,69.54135460285484,49.558046773455466,bart
66.58077800686922,127.4872542648872,134.89996293550269,93.13968005098579,99.58915603618699,30.675723300355934,bart
68.8040696470783,136.24610086163935,141.88727920430358,186.93581786270923,151.50577546747186,78.39005038906404,bart
76.32823854904552,70.07139216541941,76.08547824650904,99.32774033471213,94.20721840708386,48.46648326421054,bart
97.6165969494942,97.51922887307919,103.52294431670691,143.29689459300923,96.58674857349739,33.63034344160047,bart
63.45076831686122,123.13001258832064,129.74590552306458,167.05089044958726,141.89080308462562,49.68903299521938,bart
72.72551134230683,67.43144666993287,76.86351540230254,155.746589047722,68.19090848492928,22.825424421026653,bart
55.226805085936306,135.2553141285029,144.44722219551335,110.32225523438143,95.25754563287887,45.67274898667694,bart
64.96922348312314,152.59750980930193,160.91301998284663,78.28793010419933,104.14413089560064,50.38849074937649,bart
69.05794668247819,160.5584005899411,164.74222288168872,196.60620539545542,175.6388339747221,50.93132631298737,bart
52.630789467763066,138.6903024728117,147.79715829473852,106.36728820459794,97.49358953285082,44.19275958796871,bart
58.47221562417487,138.9712200421368,148.11482032531384,107.56393447619885,98.19877799647,34.785054261852174,bart
70.00714249274856,171.25419702886117,181.09389829588406,147.7599404439512,141.83793568717786,58.89821729050889,bart
53.53503525729669,102.84454287904633,109.4988584415381,158.43295111813072,131.70801038661241,14.696938456699069,bart
72.00694410957877,153.01633899685353,161.19863522995473,74.65252842335616,103.70149468546728,92.43916918709297,bart
52.028838157314254,171.5488268686207,181.41113527013715,191.54633904097463,156.6492898164559,40.049968789001575,bart
66.07571414672717,146.4547711752676,153.72052563011877,248.84332420219755,166.3400132259223,65.21502894272147,bart
65.39877674696982,153.8635759366069,162.24980739587951,79.65550828411052,105.84894897919393,50.38849074937649,bart
71.40728254176881,169.27492430953853,176.40011337864837,182.8906777285272,151.83543723386842,91.37833441248533,bart
70.00714249274856,145.81495122243123,154.31461369552787,86.31917515824627,98.90399385262458,67.90434448545984,bart
67.446274915669,152.27278154680172,160.4119696282045,74.04052944165107,102.74726273726225,61.71709649683789,bart
73.7563556583431,141.4991166050163,150.5755624263114,104.92378186092989,99.90995946350894,11.180339887498949,bart
70.94363960215179,100.46392387319938,109.33434958877288,116.21101496846157,86.64871608973787,52.848841046895245,bart
70.18546858146635,136.24610086163935,145.17575555167605,101.6366075781753,93.23625904121208,63.166446789415026,bart
92.10320298447823,109.48515881159419,117.89826122551597,112.98672488394378,67.20863039818622,69.15200647848188,bart
84.86459803710851,110.8647825055369,119.56588142108099,117.51595636338071,71.28113354878694,64.22616289332565,bart
83.5224520712844,110.8647825055369,119.56588142108099,117.51595636338071,71.28113354878694,64.22616289332565,bart
90.40464589831653,53.018864567246254,59.632206063502295,117.31581308587518,80.03749121505496,18.275666882497067,bart
76.90253571892151,112.43664882946307,121.8400590938793,89.67162315916892,97.25224933131366,36.72873534441391,bart
36.05551275463989,112.55665240224586,120.6731121667126,103.31505214633539,66.09841147864296,60.597029630172464,bart
50.695167422546305,110.34491379306978,119.51150572225254,142.0176045425355,83.22259308625273,37.49666651850535,bart
51.24451190127583,108.82095386459356,118.02118453904791,140.3816227289028,80.88263101556477,46.24932431938871,bart
105.51303237041384,111.65124271587845,117.69876804792818,195.12047560417642,140.164189435105,55.226805085936306,bart
86.67756341753038,103.26664514740469,113.11498574459532,163.3187068280912,88.05679985100527,53.24471804789655,bart
110.48076755707302,177.32738085247863,184.29867064089203,275.92209045308425,199.16073910286636,37.66961640367472,bart
65.91661399070799,138.49548729110273,146.935359937627,173.98850536745238,145.74292435655323,62.14499175315739,bart
65.7419196555744,138.34377470634522,146.83323874382123,173.53097706173386,145.08273501695507,62.94441992742486,bart
66.21933252457322,135.6502856613284,144.187378088375,171.55174146594956,141.70744511139844,62.94441992742486,bart
74.57211275000863,135.15176654413364,144.37797615980077,215.5017401321855,138.2244551445221,36.193922141707716,bart
79.52986860293433,108.74281585465772,115.00434774390054,202.49444436823447,137.5318145012273,47.81213235152768,bart
85.89528508596965,123.82649151130786,132.77801022759755,219.03880934665438,131.8066766138954,24.919871588754223,bart
57.56735185849702,138.02898246382895,146.95237323704575,213.09387602650622,139.29106216839614,64.57553716385176,bart
65.06919393998976,132.52169633686404,141.08508071373103,169.1715106038839,138.24615727028365,66.24952830020754,bart
66.52818951391959,137.3935951927891,145.8012345626744,173.16177407268614,145.00689638772357,62.96824596572466,bart
57.844619455918284,52.81098370604357,62.177166226839255,159.24195427085164,36.180105030251084,77.20103626247513,homer
70.63285354564121,122.62544597268545,132.113587491976,126.26163312740731,88.41379982785493,16.76305461424021,homer
68.21290200541243,145.06550244630873,153.00653580811507,81.5659242576212,101.51847122568385,71.65193647069142,homer
60.90155991434045,136.80277774957642,146.23269128344728,70.52659073002182,98.85848471426213,83.28265125462805,homer
70.9929573971954,76.56369897020389,86.42337646724988,89.25245094673872,72.60853944268538,63.474404290233394,homer
68.00735254367721,103.79788051786029,108.59558002055148,92.13576938409967,101.83319694480774,75.45859791965393,homer
57.07889277132134,92.36341266973628,98.50888284819801,63.592452382338585,106.1178590059185,58.31809324729333,homer
57.105166141076936,81.52300288875527,91.10982383914481,79.78721702127478,76.72027111526653,28.178005607210743,homer
131.6662447250623,147.70917371646217,156.50239614779065,93.40770846134703,102.9465880930495,51.0,homer
58.8387627334226,153.78231367748373,161.95678435928517,74.1215218408257,104.3982758478319,64.21059102671458,homer
83.60023923410746,127.25564820470642,137.11673858431726,147.36688908978164,102.04900783447137,30.822070014844883,homer
84.8174510345601,126.46738710039043,136.40014662748717,161.25445730273628,107.39646176667088,38.118237105091836,homer
94.15412895885129,132.15521177766695,139.90711204224036,97.06698717895802,93.68564457802486,44.01136216933077,homer
96.21330469326995,48.507731342539614,58.29236656715869,53.823786563191554,52.278102490430925,39.344631145812,homer
109.43491216243562,108.52188719332152,118.27933040053955,148.44527611210805,84.95292814258964,37.067505985701274,homer
36.837480912787726,148.51935900750448,156.54072952429985,73.40980860893181,98.42763839491425,45.18849411078001,homer
69.5197813575388,72.75987905432498,80.67837380611982,146.37281168304446,95.4148835350125,72.3671196055225,homer
110.00909053346456,110.74746046749786,120.3577999134248,191.80198122021577,108.92658077806354,42.532340636273474,homer
64.78425734698207,152.59750980930193,160.56462873248267,69.87846592477543,102.1077861869505,47.54997371187496,homer
66.58828725834597,113.64418154925487,123.49898785010345,176.27818923508377,103.56157588603989,48.062459362791664,homer
70.09279563550022,121.2270596855339,130.73255141700554,79.27799190191436,101.95096860746347,18.973665961010276,homer
88.9325587172662,138.97841559033546,148.05404418657398,105.19505691808908,97.3909646733207,49.416596402423345,homer
89.04493247793498,127.69886452118516,136.93794214898952,114.37657102746174,88.75246475450696,53.33854141237835,homer
66.15889962809237,149.96666296213968,158.07909412695912,74.49161026585477,100.29955134495867,52.81098370604357,homer
69.6993543729065,113.76291135515125,122.64175471673585,111.09005356016353,71.56814934033156,46.36809247747852,homer
75.80897044545586,155.1418705572419,157.194147473753,214.93720013064282,155.32224567009067,60.58052492344384,homer
75.06663706334525,81.44937077718895,88.34591105421914,76.34788798650555,97.98979538707079,25.80697580112788,homer
95.4829827770373,126.554336156451,136.27545633752248,135.67977004697494,96.36389365317281,53.646994324006634,homer
116.99572641767733,125.8729518204765,135.8050072714552,162.4222891108237,107.39646176667088,49.9799959983992,homer
59.177698502053964,114.07892005098927,124.00403219250575,165.0969412193939,98.40731680114035,47.56048780237646,homer
61.741396161732524,70.80960386840192,80.62877898120497,157.8448605435096,54.16641025580336,74.02702209328699,homer
63.20601237224193,86.61408661412992,93.04300081145277,102.88828893513586,66.29479617586888,51.778373863998475,homer
95.83318840568751,135.52121605121465,145.33065746772084,75.05997601918082,99.40321926376429,22.825424421026653,homer
86.21484790916237,127.66362050325849,135.62079486568422,192.13016421166145,145.07928866657707,48.83646178829912,homer
81.8535277187245,78.87331614684399,83.2946576918352,149.49916387726054,105.66456359631643,54.147945482723536,homer
58.01723881744115,158.01898620102585,167.29913329123974,110.05907504608605,118.19475453673907,44.04543109109048,homer
73.348483283569,85.60957890329796,93.6269192059634,80.38034585643433,100.9554357129917,9.273618495495704,homer
72.09715667070374,75.05997601918082,84.0535543567314,94.75230867899737,87.14355971613737,48.02082881417188,homer
77.14920608794364,105.28532661297109,115.10864433221339,146.8536686637416,80.96295449154508,45.78209256903839,homer
80.02499609497022,102.6352765865616,112.27199116431488,61.1310068623117,102.29369482035537,52.392747589718944,homer
82.52878285786117,85.56284240252891,93.30594836343501,109.12836478203089,90.8845421400141,51.22499389946279,homer
70.43436661176133,108.33282051160673,118.09741741460734,143.86451960090784,82.37718130647589,73.98648525237566,homer
89.14594774862175,103.32956982393762,108.93117092916977,134.1044369139217,90.18314698434514,59.27900134111572,homer
89.63258336118624,143.11184437355283,152.92481812969405,183.86951895297926,130.92364186807515,53.74011537017761,homer
66.70832032063167,148.79180084937477,157.09869509324386,79.8373346248483,100.34440691936945,38.61346915261564,homer
79.68061244744545,92.84934033152847,101.95096860746347,128.22636234409833,55.95533933415113,69.49100661236676,homer
53.376024580330075,83.16249154516716,91.7986928011505,162.84041267449552,69.32532004974806,57.83597496368502,homer
64.08587988004847,119.40686747419514,129.10848151845022,75.19308478842984,102.62066068779717,57.706152185014034,homer
100.25966287595426,95.69743988216194,103.69667304209909,69.0724257573165,107.61970079869205,42.23742416388575,homer
72.5120679611332,126.72016414130783,136.03308421115798,117.27318534089538,88.87069258197553,35.22782990761707,homer
59.648973168026956,114.09206808538444,122.5805857385255,103.46980235798269,68.24221567329127,64.04685784642366,homer
84.69356528095862,102.76672613253767,108.28665661105249,202.54629100529093,137.84411485442533,59.33801479658719,homer
48.91829923454004,118.75184209097559,128.25365491868058,75.70336848516055,101.36074190730847,26.19160170741759,homer
59.87486951969081,124.69963913339926,133.52527850560733,103.96634070698074,81.24038404635961,56.1159513863928,homer
79.03163923391695,109.49429208867465,116.88455843266894,105.8536725862641,98.84331034521254,32.38826948140329,homer
73.32803011127464,99.98499887483122,109.82713690158731,100.48880534666536,84.2436941260294,50.457903246171455,homer
85.07643622061282,117.2945011498834,123.664869708418,222.25435878740376,146.3488981851247,54.7905101272109,homer
137.94201680416305,124.04031602668546,133.33041663476493,117.39250401963491,86.05811989580066,31.54362059117501,homer
62.00806399170998,153.60664048145836,162.44691440590677,69.97856814768362,104.1633332799983,37.013511046643494,homer
76.3544366752843,121.94260945215171,129.20139318134306,94.11163583744573,94.35041070392857,60.844062980705026,homer
40.3732584763727,118.07201192492656,127.92966817747946,148.08105888330215,93.81364506296512,49.18333050943175,homer
36.124783736376884,88.24964589164084,97.66780431646859,138.19189556555045,57.42821606144492,41.20679555607303,homer
67.83067152844649,155.3898323572041,163.52675622050356,72.44998274671983,105.76388797694608,51.28352561983234,homer
79.48584779695062,177.85949510779568,183.6327857437228,98.6458311334037,149.67297685287082,51.86520991955976,homer
72.9520390393579,115.11298797268708,123.02845199383759,89.07300376657341,99.72462083156798,69.31810730249349,homer
69.01449123191448,137.88038294115665,146.94216549377512,105.17604289951205,96.23408959407264,71.87489130426563,homer
50.68530358989675,111.82128598795491,120.14574482685602,102.96115772464877,65.06919393998976,44.654227123532216,homer
48.30113870293329,51.19570294468082,58.56620185738529,76.38062581571324,84.91760712596653,44.96665431183423,homer
68.51277253184256,68.01470429252781,77.82673062643708,158.83009790338858,52.21110992882645,71.34423592694787,homer
134.75162336684483,111.63332835672328,118.69709347747316,138.16294727603346,83.10234653726692,40.82891132518721,homer
94.18067742376883,55.362442142665635,64.82283548256741,54.46099521676041,48.63126566315131,31.176914536239792,homer
57.148928248918196,155.42844012599497,163.46559270990332,70.03570517957252,105.25207836427744,50.457903246171455,homer
97.56023780208821,154.02921800749363,162.7083279982927,204.69733754985677,148.6741403203664,22.22611077089287,homer
105.30906893520614,134.4953530795767,143.96527359054335,121.37545056559007,98.53425800197614,45.9782557302906,homer
47.21228653645151,147.9290370414139,156.40971836813722,84.4393273303382,100.66280345788111,60.315835400000886,homer
66.03786792439622,83.2706430862642,93.1933474020544,170.89470442351336,75.25955088890711,45.05552130427524,homer
63.94528911499267,124.59935794377112,125.99206324209474,68.65857557508748,109.26573113286709,40.63249930782009,homer
65.45991139621256,148.79180084937477,157.09869509324386,79.8373346248483,100.34440691936945,61.497967446087195,homer
105.58882516630251,61.22907805936653,68.24954212300622,73.5187051028512,89.1010662113535,49.60846701924985,homer
86.52167358529307,145.65026604850402,154.0162329106903,73.41661937191061,108.82554847093581,15.84297951775486,homer
56.302753041036986,166.79628293220446,175.21986188785792,186.00268815261785,176.81063316441123,60.423505360083176,homer
71.8192174839019,103.31505214633539,112.4144118874444,107.64757312638311,99.20181449953424,37.603191353926334,homer
26.589471600616662,140.26047197981333,148.93622796351463,94.04254356406997,95.14725429564429,49.73932046178355,homer
56.96490147450446,149.76648490233055,159.71537183377185,62.93647591023825,104.31682510506155,66.19667665374146,homer
46.75467891024384,122.64175471673585,132.46131510746827,79.93747556684536,93.78166132032425,35.2845575287547,homer
90.76342875850384,159.116309660575,167.0478973228936,176.25833313633714,145.07239572020586,17.029386365926403,homer
96.04165762834376,126.46343345014795,136.33048081775402,147.91889669680478,101.55294185792945,10.344080432788601,homer
122.78029157808675,115.41230437002807,123.33288288206029,99.508793581271,109.03669107231748,36.124783736376884,homer
52.49761899362675,88.84818512496471,96.48315915225828,71.51922818375489,108.12030336620407,51.07837115648854,homer
65.49045732013177,92.89241088485109,98.25477087653302,96.50388593212193,93.76566535784833,37.94733192202055,homer
66.24952830020754,125.59060474414477,134.85547819795826,101.69562429131354,89.02246907382428,31.304951684997057,homer
80.43631020876082,135.66502865514016,144.81022063376605,108.58176642512315,95.05261700763425,77.79460135510689,homer
49.3254498205541,168.0773631397161,176.59275183313724,194.27300378590948,177.79201331893398,61.53048025166064,homer
70.14271166700073,142.0211251891774,151.9374871452072,156.4896162689397,119.07980517283357,40.80441152620633,homer
75.66372975210778,124.43070360646523,133.83572019457287,121.35073135337916,88.16461875378354,52.04805471869242,homer
87.16650732936361,150.6618730800862,160.31219541881399,196.48409604850974,142.0176045425355,28.337254630609507,homer
78.26876771739798,114.09206808538444,122.5805857385255,103.46980235798269,68.24221567329127,54.7905101272109,homer
108.45275469069469,127.88666857808127,137.2588794941879,207.05071842425468,129.17043005270207,46.010868281309364,homer
79.22120928135344,133.7385509118444,142.9160592795645,110.28599185753374,93.6269192059634,79.96249120681522,homer
75.7429864739964,124.72770341828635,134.24604277221732,125.94443219134381,90.4267659490264,54.120236510939236,homer
60.06662967072483,156.17298101784445,164.12495239907915,67.68308503607086,105.54619841567009,63.796551630946325,homer
64.47480127925948,150.25644744901965,158.54967675779096,78.63841300535,101.67103815738285,42.731721238442994,homer
71.449282711585,92.28217596047462,98.48350115628506,109.14669028422254,94.51983918733676,34.19064199455752,homer
69.77822009767804,90.79096871385391,100.25966287595426,139.26234236145822,61.26173356998641,87.34414691323055,homer
94.23905772024676,98.22932352408826,103.66291525902598,117.91522378386941,86.97700845625813,58.532042506647585,homer
102.31813133555558,186.81809334215998,196.10711358846726,210.7225664232476,175.55910685578235,52.630789467763066,homer
66.85805860178712,90.2551937563706,98.18859404228171,82.0121942152507,97.3909646733207,26.627053911388696,homer
63.51377803280167,153.56431877229815,161.60754932861275,71.11258679024411,103.45047124107265,71.35124385741288,homer
65.00769185258002,100.8265837961398,108.66922287382016,80.46738469715541,100.8265837961398,59.648973168026956,homer
87.46427842267951,150.39614356757954,158.54336946085132,179.6941846582688,153.7693077307692,66.6783323126786,homer
119.59933110180843,152.67612779999368,158.0442975877333,200.48191938426766,145.15508947329405,65.49809157525127,homer
85.82540416450132,134.36145280548286,140.10710188994705,107.97684937059425,93.79765455489812,66.2268827591938,homer
91.37286249209882,97.93875637356236,104.32161808561061,110.3313192162588,95.84362263604189,34.49637662132068,homer
79.64923100695951,118.98319209031165,127.23993083933989,89.76079322287654,101.06433594498111,65.70388116390082,homer
84.26743143112884,144.53027364535086,154.47329866355545,162.97852619286996,123.72954376380768,34.88552708502482,homer
107.35921013122255,87.57853618324526,91.4603739331958,176.16185739256952,101.1236866416568,13.74772708486752,homer
128.52237159343116,137.01459776242822,145.12753012437028,74.4983221287567,107.63363786474933,52.182372502598994,homer
61.814237842102365,142.9300528230505,151.36049682793725,85.46344247688599,95.44108130150245,85.37564055396598,homer
51.56549233741495,89.74408058473828,97.51410154434076,67.34983296193094,108.30050784737807,50.813384063650005,homer
143.76717288727633,126.19429464123962,135.77186748365804,77.9807668595276,85.94184079946159,72.62231062146122,homer
76.22335600063802,125.16389255691915,134.6439749858864,124.21352583354198,90.1443287178955,51.84592558726288,homer
120.22063050907694,133.4053971921676,143.22709240922262,142.28141129465928,105.62670116973264,64.47480127925948,homer
113.3225485064645,144.20471559557268,153.42750731208534,109.22453936730518,104.1393297462587,31.559467676119,homer
50.00999900019995,108.76580344942982,118.27510304370908,189.2220917334971,106.20734437881403,48.13522618623496,homer
50.84289527554464,107.54533927604673,116.77756633874505,125.90075456485556,72.01388754955533,51.633322573702344,homer
115.77132632910448,133.5402561027947,143.2131278898691,131.8256424221024,101.6021653312566,66.07571414672717,homer
57.175169435691224,155.66952174398173,163.73759494996864,70.66823897621902,105.65509926170151,53.16013544000805,homer
84.03570669661795,61.196405123176966,69.23871749245504,188.13558940296224,88.23264701911646,71.75653280364095,homer
56.22277118748239,35.07135583350036,42.532340636273474,69.29646455628166,70.21395872616783,98.79777325425913,homer
109.67679791095289,127.75758294520134,137.69894698217558,169.19515359489466,111.99107107265293,29.427877939124322,homer
80.84553172563095,108.77959367454909,115.42096863222038,99.90495483208028,95.00526301210897,59.74110812497538,homer
59.177698502053964,155.9166443969341,164.01524319403975,71.30918594402827,106.06601717798213,64.21059102671458,homer
94.39279633531363,137.44089638822936,147.35331689514152,167.74683305505354,119.62441222426132,52.230259428802384,homer
43.393547907494266,94.95788540189804,101.5381701627521,59.2452529743945,109.81347822558031,40.93897898091744,homer
69.40461079784254,110.25878649794764,119.35660853090624,117.51170154499508,90.07774419910837,49.3254498205541,homer
32.449961479175904,123.03657992645927,132.12494087037467,80.38656604184557,94.58858282054976,29.086079144497972,homer
77.83315488916018,135.06665021388514,140.78352176302454,105.99528291391084,100.84641788382967,61.196405123176966,homer
96.81941953967706,130.13070352534024,137.32079230764728,99.88493379884676,92.2062904578641,54.2125446737192,homer
84.76437931112338,129.0310040261642,138.729953506804,133.9776100697426,98.07650075323853,41.82104733265297,homer
51.78802950489621,156.16017418023074,164.3411086733931,73.17103251970687,106.75673280875544,21.213203435596427,homer
122.53162856993292,129.7420517796755,132.0075755401939,191.637678967368,132.24220203853233,40.45985664828782,homer
83.28265125462805,119.59933110180843,128.0117182136073,113.08846094982458,81.89017035029296,49.08156476723211,homer
134.02238618977054,102.64501936285072,107.38249391777042,140.57382402140166,88.85943956609225,63.095166217389426,homer
73.60027173862879,145.13786549346796,153.7465446766203,89.01685233707154,98.91915891272023,75.82875444051551,homer
50.40833264451424,156.18898808814916,164.26807358704855,70.75309180523492,106.23088063270491,53.68426212587819,homer
36.124783736376884,89.02808545621994,98.51395840184273,140.14635207525026,59.715994507334464,33.36165463522455,homer
64.63745044476924,87.96590248499699,97.57561170702442,80.30566605165541,90.87353850269065,73.62744053679987,homer
75.45859791965393,124.00403219250575,130.80519867344722,231.43249555755995,147.7057886475679,49.37610758251404,homer
79.02531240052139,130.22288585344742,136.09555466656508,110.38568747804219,89.93330862366847,51.0,homer
69.59885056522126,137.23702124426922,142.9300528230505,72.6842486375143,107.8424777163433,76.26270385975047,homer
60.94259594077036,125.70600622086441,132.07952150125317,188.2179587605816,154.53802121160993,57.60208329565867,homer
37.376463182061514,85.47514258543241,93.17188417113823,55.49774770204643,109.78615577567146,53.376024580330075,homer
56.68333088307355,103.56157588603989,113.49889867307083,158.38560540655203,85.58621384311844,41.6293165929973,homer
68.10286337592568,70.09992867328754,79.42921376924235,70.51241025521678,77.67882594375381,13.92838827718412,homer
119.70380110923796,100.2496882788171,105.01904589168576,228.11839031520452,138.74436925511608,56.95612346359257,homer
60.63827174318213,114.73447607410773,123.91529364852427,77.38216848861241,99.24212815130478,28.30194339616981,homer
87.10338684574785,110.45361017187261,119.24344845734713,169.94410845922255,121.4495780149112,43.46262762420146,homer
137.33535597216036,148.54965499791643,157.08596372687154,85.68547134724766,101.67103815738285,46.17358552246078,homer
110.56672193747991,152.16109883935513,161.5982673174437,117.71151175649729,114.7736903649961,49.040799340956916,homer
36.90528417449187,117.99576263578281,127.8436545159751,70.49822692805827,103.04853225543778,36.68787265568828,homer
57.48912940721924,107.17275773255068,116.94870670511924,103.70631610466162,99.67948635501689,19.467922333931785,homer
94.62557793746889,126.40411385710514,136.26811806141598,147.31259280862582,101.23240587875011,27.09243436828813,homer
66.51315659326356,86.4060183089118,92.97849213662265,100.72735477515529,70.73188814106408,48.187135212627034,homer
77.70456872024965,140.8900280360537,150.82771628583387,167.77663722938306,122.55610959882824,44.93328387732194,homer
84.5103543951864,97.24710792614863,106.3296760081587,205.01707245983198,106.19322012256714,40.01249804748511,homer
58.70264048575669,88.02840450672726,93.6269192059634,88.3685464404615,92.91931984253867,79.64923100695951,homer
60.753600716336145,152.62372030585547,162.53307355735325,61.237243569579455,106.36258740741502,42.24926034855522,homer
72.5120679611332,123.29639086364207,132.57827876390613,117.46063170271135,85.27602242131137,36.345563690772494,homer
54.35071296680477,115.70220395480806,124.35433245367851,107.33592129385204,81.8413098624405,44.328320518603,homer
80.67837380611982,132.2800060477773,139.66030216206752,106.92520750505935,97.3139250056229,58.25804665451803,homer
51.76871642217914,131.15258289488622,131.9772707703868,71.73562573784382,103.860483341837,27.367864366808018,homer
59.033888572581766,117.17508267545622,125.73384588089239,90.7358804442873,80.06247560499239,74.33034373659252,homer
80.31189202104505,75.31932023060219,85.05292469985967,90.27735042633894,69.5197813575388,44.02272140611028,homer
45.34313619501854,125.57866060760483,134.36145280548286,64.76109943476871,106.0801583709225,58.63446085707619,homer
56.73623181001713,76.82447526667526,86.28441342444185,65.13063795173512,50.21951811795888,60.53924347066124,homer
86.14522621712709,142.49912280431764,151.48927354766738,101.28672173587218,99.82985525382675,55.95533933415113,homer
54.78138369920935,88.41945487278238,97.5551126287085,132.32157798333574,53.178943201233324,44.034077712607996,homer
54.48853090330111,125.23977004130916,132.14386100004796,70.8660708661063,97.42176348229383,40.422765862815474,homer
75.61084578286372,93.32202312423365,102.51829105091443,90.37698822156003,89.56003573022959,37.21558813185679,homer
51.10772935672255,55.09083408335728,64.31174076325411,61.814237842102365,71.72865536171719,21.95449840010015,homer
93.70699013414101,123.36125809993995,133.1052215354454,188.9417899777601,117.37972567696688,22.293496809607955,homer
83.17451532771321,124.62343278854101,134.5511055324333,163.03987242389513,106.58799181896617,34.91418050019218,homer
121.43310915891102,72.75987905432498,80.10617953691214,104.61835403025609,89.37561188601732,49.839743177508446,homer
94.17536832951598,98.16822296446034,107.61970079869205,106.25911725588539,81.15417426109393,45.9782557302906,homer
74.35724578008521,150.71164520368026,159.17600321656528,82.87943049997388,103.26664514740469,27.60434748368452,homer
53.41348144429457,95.73400649716902,105.23307464861035,138.07968713753664,65.99242380758567,39.72404813208241,homer
54.644304369257,114.42901729893515,122.83729075488436,114.69088891450794,83.3606621854697,11.575836902790225,homer
93.1289428695505,128.25365491868058,138.13761254633005,149.04361777681055,103.67738422626219,20.024984394500787,homer
69.13031173081747,117.01709276853532,126.87789405566282,150.61872393563823,94.03722667114339,18.411952639521967,homer
61.1310068623117,149.08051515875573,157.53729717117784,83.33066662399864,101.61200716450787,58.08614292583042,homer
84.5872330792301,139.0,147.96621235944374,101.67595585978034,96.23408959407264,63.14269553954757,homer
131.12970677920393,155.9134375222354,165.36626016210198,214.04205194307028,153.06534552275377,14.491376746189438,homer
55.44366510251645,136.65284482951682,145.2618325645109,93.17188417113823,90.79647570252934,25.019992006393608,homer
98.9595877113481,152.92481812969405,161.73125857421627,201.3181561608391,146.23952953972466,31.906112267087632,homer
53.46026561849464,156.03525242713584,164.1584600317632,72.01388754955533,106.38138934982942,68.33008122342603,homer
50.457903246171455,88.84255736976509,96.6126285741155,68.94200461257273,106.3202708800161,47.54997371187496,homer
61.554853586049575,110.48076755707302,119.72050785057671,107.72186407596185,83.8868285251028,59.30430001273095,homer
61.30252849597641,84.96469855181033,91.78235124467012,105.88673193559238,67.20863039818622,66.47555941848101,homer
61.40032573203501,136.36348484840067,145.12063946937388,97.21111047611791,91.89668111526117,56.19608527290847,homer
148.2362978490761,110.44002897500525,120.02499739637572,77.54998388136518,85.57452892070164,73.49829930005184,homer
90.61456836513652,84.65222974027323,92.39588735436226,109.12836478203089,90.8845421400141,47.05316142407437,homer
65.1536645170477,134.2013412749664,144.0173600646811,141.74977954127476,106.1602562167217,56.65686189686118,homer
89.80534505250787,127.72626981165621,137.6263056250512,150.7348665704123,103.89417693018218,25.25866188063018,homer
60.091596750294464,133.78340704287658,142.03168660548954,90.1665126307988,92.15747392371387,42.82522621072771,homer
55.62373594069352,88.23264701911646,93.4558719396486,86.68333173107735,96.33794683301072,46.281745861624536,homer
56.868268832451726,88.88756943465155,98.78258955909183,98.29547293746543,78.36453279386026,50.76416058598822,homer
57.810033731178535,126.21014222319853,136.0367597379473,63.0317380372777,99.24212815130478,31.304951684997057,homer
88.51553535961922,134.9666625504239,144.84129245487972,147.61097520171052,109.20622692868754,41.78516483155236,homer
55.299186250793966,136.09555466656508,145.9760254288354,64.79197481170026,106.28734637763802,49.37610758251404,homer
82.48030067840442,110.17259187293362,116.7433081593973,99.90495483208028,95.00526301210897,60.67948582511226,homer
99.44847912361456,111.86152153444007,121.40016474453401,185.71752744423452,111.50336317797773,27.349588662354687,homer
58.146367040426526,92.9623579735368,102.18121158021175,187.68857184176133,93.28451104015072,18.16590212458495,homer
84.52810183601665,106.27323275406654,116.05602095539895,143.8923208513922,80.33679107357973,24.779023386727733,homer
70.61161377563892,63.0,69.46941773183363,79.22752047110903,94.37160589923221,80.05623023850174,homer
69.32532004974806,135.03703195790405,140.71247279470288,75.64390259630977,107.55928597754821,37.907782842049734,homer
48.46648326421054,96.54014708917737,105.35179163165665,120.86769626331099,55.58776843874919,43.05810028322197,homer
79.25276020429824,144.53719244540486,153.63593329686907,104.47009141376301,102.96115772464877,79.56758133813042,homer
87.57853618324526,60.489668539346454,68.61486719363377,211.47576693323518,87.11486669908874,66.03786792439622,homer
67.74953874381728,136.4148085803004,145.49914089093448,108.00925886237717,95.54580053565934,57.85326265648291,homer
76.5963445602987,124.46284586172695,127.4205634895718,241.86359792246537,148.7615541731129,57.28001396647874,homer
44.14748010928823,136.52106064633398,144.06942770761603,80.05623023850174,86.47543003651384,60.83584469702052,homer
68.27151675479314,95.77577981932593,101.41991914806479,128.69343417595164,92.20086767487604,79.71198153351854,homer
96.58674857349739,129.1743008496659,135.7534529947581,88.88756943465155,103.56640381899915,67.05221845696084,homer
89.64373932405988,138.97841559033546,148.05404418657398,105.19505691808908,97.3909646733207,49.416596402423345,homer
71.68681887209112,72.94518489934754,82.49848483457136,189.7893569197177,80.00624975587844,27.874719729532707,homer
88.6904729945669,101.75952043912157,105.09043724335721,115.34730165894649,103.02426898551623,26.68332812825267,homer
55.00909015790027,154.21089455677247,164.10362579784763,155.65988564816564,129.38701635017324,66.43794096749237,homer
33.421549934136806,65.7723346096214,74.97332859090625,193.8788281375767,78.07688518377255,56.7626637852735,homer
42.68489194082609,166.17460696508357,168.21712160181556,201.4820091224028,198.97235988950828,63.50590523722971,homer
49.658836071740545,153.88957079672423,162.0154313638056,60.049979184009715,104.48444860360799,39.81205847478876,homer
37.134889255254286,103.07764064044152,112.09817126073021,66.76825593049439,108.28203913853858,44.48595283907045,homer
38.02630668366309,100.44899203078147,109.25657874929088,159.58383376770968,108.9954127475097,57.784080852774665,homer
128.0195297601112,53.87021440462252,63.75735251718032,170.6487620816512,50.3189825016365,60.18305409332431,homer
58.540584213005594,104.64224768228175,111.44954015158609,114.62547709824373,106.57391800998967,56.18718715152058,homer
104.81889142707053,110.7925990308017,117.71151175649729,124.03628501370073,86.30179604156567,37.97367509209505,homer
75.79577824654879,126.43575443678897,133.6300864326593,105.1284928076114,95.39916142189091,81.55366331440912,homer
66.85057965343307,92.89241088485109,98.25477087653302,97.67804256842989,92.9623579735368,39.433488306260706,homer
70.80960386840192,122.90240030202827,132.49150916190817,129.3986089569745,90.02777349240623,33.49626844888845,homer
113.00442469213318,154.23683088030563,158.86472232689044,260.5014395353699,189.76037521042164,56.02677931132576,homer
63.00793600809346,112.12938954618454,121.11977542911809,79.76214641043707,97.65756499114649,81.0617048920142,homer
114.04385121522334,134.6439749858864,142.3727502017152,120.91732712891069,110.99549540409286,37.77565353504821,homer
62.01612693485461,139.34130758680286,148.1181960462657,96.73158739522474,95.00526301210897,75.67033764957046,homer
97.43202758846806,100.45396955820114,108.8852607105296,208.1778086156159,110.00454536063498,38.84584919911006,homer
91.53687781435414,176.44829270922403,182.22239159883728,94.87360012142472,144.02777509911067,52.49761899362675,homer
169.01479225203929,134.21624342828255,141.4955829699288,258.0096897405212,156.7928569801571,37.815340802378074,homer
39.52214569073901,81.65169930871004,90.70832376358854,139.30541985149034,50.368641037852115,71.95832127002409,homer
78.40280607223188,102.65963179361204,108.2774214691133,237.92856070678022,134.4209805052768,24.372115213907882,homer
59.2452529743945,128.6118190525272,130.9427355755179,196.88321411435766,125.4830665866913,31.448370387032774,homer
66.41535966928132,92.89241088485109,98.25477087653302,97.06698717895802,94.32391001225511,39.774363602702685,homer
36.180105030251084,81.62107570964744,90.6697303403953,138.69751259485514,49.8196748283246,66.82065548915246,homer
83.47454701883683,105.0380883299006,114.72575996697516,177.2399503498012,97.02061636580135,44.66542286825459,homer
129.17043005270207,54.62600113499065,64.52131430775415,171.40886791528612,51.710733895391584,75.75618786607468,homer
89.56003573022959,182.17025004099872,187.97074240423694,242.42524621004307,210.4970308579197,44.28317965096906,homer
62.849025449882674,133.88427838995884,140.06427096158393,199.49185447030163,135.40310188470573,15.165750888103101,homer
66.47555941848101,127.88666857808127,137.31715115017496,88.92131353055915,104.69957019969088,30.331501776206203,homer
82.28000972289685,104.52272480183436,114.27160627207444,169.14490828872147,92.27675763701279,46.36809247747852,homer
81.04936767180853,116.38298844762494,124.93998559308385,113.79806676741042,80.3305670339753,7.681145747868608,homer
59.87486951969081,101.28178513434683,107.76363022838457,79.30321557162736,102.70345661174214,84.96469855181033,homer
84.88816171881683,69.74955196988724,79.38513714795737,178.90220792377048,70.03570517957252,19.4164878389476,homer
69.13031173081747,163.7009468512629,173.11556833514425,188.35339126227592,149.19115255268994,36.932370625238775,homer
81.33879763065102,105.33755265810954,114.3109793501919,81.08020720249795,102.96115772464877,55.39855593785816,homer
95.78100020358944,73.08214556237385,77.54998388136518,88.3685464404615,97.02576977277738,52.1344415909483,homer
42.906875905849866,97.32933781753577,106.55515003977987,66.24952830020754,63.97655820689325,53.16013544000805,homer
36.72873534441391,105.76861538282516,113.4195750300626,107.30330842988953,58.966091951222275,48.68264577855234,homer
82.18880702382776,101.36074190730847,106.83164325236227,30.14962686336267,120.83873551142449,65.0384501660364,homer
50.33885179461288,61.0163912403872,70.3420215802759,77.90378681424929,51.70106381884226,58.31809324729333,homer
47.36032094485847,104.16813332300815,109.54451150103323,97.57561170702442,107.35921013122255,37.013511046643494,homer
39.92492955535426,89.29165694509202,98.05100713404222,45.4972526643093,53.03772242470448,85.14105942493316,homer
49.07137658554119,109.24284873619875,115.84903970253703,74.55199527846321,106.07073111843813,47.634021455258214,homer
40.607881008493905,103.99038417084533,111.91514642799696,111.43159336561602,59.1100668245266,45.81484475582123,homer
45.36518488885502,147.73286702694156,156.249799999872,85.73214099741124,100.772019926168,64.20280367709809,homer
44.339598554790726,143.6697602141801,153.05554547287727,133.04886320446334,111.76314240392492,71.84705978674423,homer
38.379682124790975,66.07571414672717,72.11795892841117,63.57672530100933,99.77975746613137,51.633322573702344,homer
52.21110992882645,133.24038426843418,138.49909746998352,94.34511116109833,87.66983517721475,46.130250378683186,homer
52.54521862167861,113.44602240713422,118.52847759083046,38.0,112.92918134831227,72.34638899074369,homer
68.19090848492928,109.23827168167757,115.73245007343446,104.59923517884822,96.56086163658648,65.49045732013177,homer
55.47071299343465,100.58826969383657,109.82258419833327,98.11218069128827,67.80855403265875,66.9776081985614,homer
41.41255848169731,115.57248807566617,124.57126474432215,113.69256791892775,75.0133321483588,81.06787279804497,homer
55.11805511808268,98.6154146165801,107.60111523585617,92.97849213662265,96.01041610158765,46.357307945997036,homer
79.86864215698174,108.74741376235114,113.81124724736128,129.20526305069774,143.63147287415805,67.53517601961218,homer
79.45438943192504,104.88088481701516,109.77704678119193,35.14256678161116,117.2433366976563,69.2098258919931,homer
44.339598554790726,106.84568311354465,115.63304026099115,64.389440128021,90.77995373429091,15.748015748023622,homer
70.75309180523492,85.05292469985967,86.76981041814025,122.18428704215611,114.0175425099138,71.40728254176881,homer
51.10772935672255,127.17311036535986,136.6821129482567,112.89818421923357,112.44998888394787,60.241181927316134,homer
43.12771730569565,146.3249807790864,155.0612782096162,93.02687783646186,101.29659421717987,65.09992319503918,homer
36.46916505762094,104.69479452198185,112.36547512470189,108.70142593360954,58.31809324729333,53.49766350038102,homer
32.526911934581186,151.56846637740978,161.07762104029226,132.9812016790343,119.21828718783037,65.58963332722634,homer
76.66159403508382,102.93687385966217,112.65433857601757,86.13361713059541,92.66067126888301,83.84509526501833,homer
47.4236228055175,132.9059818066892,135.77555008174338,101.64152694642087,106.8363234110946,52.744667976962376,homer
31.448370387032774,98.75727821279807,107.82393055347222,49.9799959983992,75.11990415329349,78.33900688673555,homer
37.22902093797257,99.64436762808022,108.5080642164443,123.84667940643382,61.47357155721473,47.7283982551269,homer
33.54101966249684,147.56015722409623,155.96473960482223,82.63776376451628,99.76973488989535,33.28663395418648,homer
42.24926034855522,79.25276020429824,86.68333173107735,71.79136438319027,95.73400649716902,68.47627326307996,homer
64.69157595854347,142.0563268566381,150.39614356757954,83.74365647617735,93.96807968666806,12.84523257866513,homer
118.68024266911489,99.0,108.93117092916977,169.45205811674285,87.69834662067467,72.36021006050217,homer
50.368641037852115,119.23086848631104,129.10073586157438,152.31874474272692,96.88137075826292,62.93647591023825,homer
54.53439281774392,149.08386901338454,157.41982086128797,80.46738469715541,100.8265837961398,32.63433774416144,homer
40.570925550201586,159.49294655250432,167.09578091621583,58.35237784358063,107.27534665523109,86.6371744691619,homer
48.38388161361178,56.621550667568265,66.12866246946176,137.49909090608563,67.05221845696084,63.29296959378664,homer
40.11234224026316,126.45157175772866,134.80726983364065,93.1074647920348,78.99367063252599,43.382023926967726,homer
34.219877264537345,112.64990013311153,118.46096403457132,139.70683591005846,127.19669807035086,59.531504264548865,homer
34.713109915419565,157.82902141241325,165.54455593585675,62.13694553162394,106.20734437881403,64.83054835492293,homer
60.207972893961475,84.17838202293983,93.62157870918435,65.62773803811922,79.41032678436729,27.16615541441225,homer
39.06404996924922,81.4616474176652,90.87904048789248,66.9552089086428,78.39642849007855,20.71231517720798,homer
56.40921910468182,82.64381404557754,92.13576938409967,60.96720429870473,76.02631123499285,28.178005607210743,homer
51.43928459844674,70.88723439378913,78.67655305108377,58.58327406350724,92.22255689363638,81.2896057316063,homer
52.32590180780452,131.40015220691336,140.06070112633307,96.73158739522474,86.11620056644394,30.886890422961002,homer
40.36087214122113,79.91245209602819,87.36704184073076,69.0869017976635,94.99473669630333,67.94850991743675,homer
52.478567053607705,152.35813073151036,160.59265238484605,76.57675887630658,103.40696301506973,33.0,homer
38.948684188300895,141.06027080648894,149.6562728387955,90.82400563727631,95.01578816175763,39.50949253027682,homer
60.174745533321534,150.3861695768597,158.45188544160652,73.46427703312679,100.52860289489753,51.07837115648854,homer
26.739483914241877,109.5308175811721,118.53269591129698,57.59340239992772,100.43903623591775,36.11094017053558,homer
61.326992425847855,146.69014963520897,155.0258043036707,81.51686941977103,98.47842403288143,65.45991139621256,homer
67.4166151627327,148.30711378757258,156.83111936092274,85.84870412533901,101.41498903022176,80.84553172563095,homer
63.419239982831705,169.22470268846686,179.13681921927719,171.5925406304132,147.7734752924218,64.5445582524197,homer
70.66823897621902,121.04131526053408,129.87686476043376,78.67655305108377,100.01499887516871,77.02596964660685,homer
69.94998213009065,121.04131526053408,129.87686476043376,78.67655305108377,100.01499887516871,76.95453203028396,homer
125.53087269671951,115.13904637437292,124.85992151206888,106.92520750505935,87.46427842267951,49.040799340956916,homer
71.12664760833313,129.97692102831178,139.5313584826006,112.69871339105873,96.21850133939938,60.728905802755904,homer
43.87482193696061,111.83469944520797,118.6086000254619,163.03987242389513,139.48835076808385,72.64296249465602,homer
61.13918547053109,101.12863096077193,109.01376059929315,195.13328778042973,119.31890043073645,39.534794801541594,homer
78.9746794865291,130.728726758888,139.83204210766573,109.26573113286709,90.05553841935541,25.80697580112788,homer
68.6804193347711,37.97367509209505,44.68780594300866,82.3164625090267,77.47257579298626,55.86591089385369,homer
61.91122676865643,59.67411499134277,69.52697318307479,72.20110802473879,57.62811813689564,74.97332859090625,homer
105.78279633286313,103.19399207318224,110.51696702316798,156.98089055678082,123.18279100588686,30.757112998459398,homer
114.20157617125956,123.48684140425651,133.12400234367956,195.27928717608532,120.41179344233687,42.261093218230876,homer
71.37226352022192,146.24978632463024,156.16017418023074,74.04052944165107,103.2811696293182,44.48595283907045,homer
65.18435395092905,140.37806096395548,149.6963593411677,114.3109793501919,101.91172650877817,39.408120990476064,homer
76.2299153875957,128.22246293064254,138.1086528788113,150.2797391533536,104.12012293500234,42.40283009422838,homer
80.8084154033477,129.20526305069774,138.3654581172628,111.57508682497182,89.2972563968233,18.81488772222678,homer
72.90404652692469,136.11024943037904,144.80676779764127,95.33624704172071,90.97252332435328,29.88310559496787,homer
141.98943622678414,121.97130810153674,131.70421405558744,189.53100010288554,116.56328753085167,62.8728876384726,homer
72.20803279414278,103.54226190305097,110.80613701415639,83.73171442171717,95.90620417887469,77.33692520394123,homer
69.14477565225012,99.74467404327912,107.17275773255068,145.15164484083533,87.50999942863673,44.04543109109048,homer
71.02816342831905,145.13786549346796,153.7465446766203,89.01685233707154,98.91915891272023,40.01249804748511,homer
80.23091673413684,148.7212157024007,157.10187777362816,81.51686941977103,100.73728207570423,65.612498809297,homer
61.204574992397426,114.13588392788658,124.0806189539688,164.33502365594498,98.06630410084801,70.09279563550022,homer
67.60177512462228,68.00735254367721,75.37904218017101,138.58210562695314,90.74690077352504,33.76388603226827,homer
85.94184079946159,111.63332835672328,116.86316785026837,109.40292500660117,88.14760348415605,52.5642464038057,homer
67.56478372643548,37.027017163147235,43.726422218150894,84.581321815162,76.94803441284255,58.172158288995945,homer
67.50555532695068,103.89898940798221,113.718951806636,147.0578117612254,79.65550828411052,23.043437243605826,homer
24.677925358506133,136.8941196691808,146.27029773675858,53.113086899558006,115.16944039110375,64.389440128021,homer
66.6783323126786,179.22332437492616,188.92855792600545,170.96490868011483,160.5490579231158,48.02082881417188,homer
57.4543296888929,95.14725429564429,98.96464014990404,132.54433220624713,68.03675477269621,46.10856753359401,homer
92.97849213662265,134.60312032044428,144.183910336764,126.63727729227283,100.637965003273,40.963398296528084,homer
70.27090436304346,91.35097153287424,101.06433594498111,127.59702190882042,65.68865959965997,43.508619835614184,homer
98.73702446397704,94.86832980505137,100.81170566953026,83.2946576918352,95.38867857350787,30.265491900843113,homer
60.74537019394976,100.6429331846007,110.04544515789829,140.10353314602742,104.20652570736632,80.36168241145776,homer
66.87301398920195,145.7189074897283,154.48300877442801,93.22553298319082,100.7670581092849,48.7134478352744,homer
77.5306391048081,132.95864018558552,142.8600713985542,150.94701056993478,108.75660899458019,77.110310594628,homer
68.8839603971781,135.5949851580065,145.09651959988565,105.24257693538296,97.082439194738,60.340699366182356,homer
43.42810150121693,127.72235513018072,132.62729734108285,204.95121370706738,163.83833495247686,29.597297173897484,homer
45.65084884205331,147.40759817594207,155.87815754620658,84.41563836162112,100.09495491781792,23.430749027719962,homer
70.5620294492725,130.18832512940628,139.82131454109563,76.87002016391045,101.45935146648632,22.825424421026653,homer
25.13961017995307,57.8013840664737,63.03967004989794,69.00724599634447,99.10095862301232,51.73973328110612,homer
76.53757247260981,127.31457104353767,136.6235704408284,206.63010429267078,128.56515857727553,54.71745608121781,homer
57.28874234961002,92.21713506718802,96.1405221537724,164.20414123888594,127.25564820470642,50.17967716117751,homer
70.25667228100119,62.0403094769844,71.84705978674423,99.39818911831343,59.90826320300064,37.12142238654117,homer
70.92249290598858,124.87193439680512,134.662541190934,185.00270268296083,116.67476162392619,35.79106033634656,homer
71.596089278675,114.49454135459908,120.93800064495858,199.40160480798542,140.73379125142617,43.829214001622255,homer
80.3554602998452,147.79377524104322,156.1793840428371,82.06095295571457,99.86490875177326,66.2872536767062,homer
70.20683727387241,104.25449630591478,113.51651862174069,125.05998560690786,67.7421582177598,44.955533585978046,homer
68.51277253184256,106.64895686315924,114.65164630305141,84.870489570875,95.71833680126291,39.42080668885405,homer
81.44937077718895,63.953107821277925,71.02816342831905,79.11384202527394,96.01041610158765,57.86190456595773,homer
71.37226352022192,111.51233115669316,118.38918869558994,82.66196223173026,96.78842906050289,73.9932429347437,homer
78.80355321938218,60.440052945046304,70.2993598832877,76.26270385975047,58.93216439263028,58.360945845659494,homer
79.8060148109151,135.77186748365804,141.62273828732447,118.62967588255478,98.89388252060893,8.660254037844387,homer
60.01666435249463,110.0817877761803,119.8874472161285,145.89379698945393,85.13518661517105,82.95782060782456,homer
36.565010597564445,175.32541173486518,184.9324200890693,144.03471803700663,154.23034720832342,71.17583859709698,homer
68.9492567037528,147.30919862656236,155.93267778115015,88.57200460642177,101.14346246792226,48.79549159502341,homer
66.64833081180653,95.37295214053091,103.20368210485515,133.09395177843356,87.18371407550839,51.088159097779204,homer
110.99549540409286,136.4148085803004,145.34785860135676,101.61692772368194,93.42911751697112,39.97499218261337,homer
65.30696746902278,133.07516672918354,140.59160714637272,178.4096409950987,141.45317246354003,67.446274915669,homer
86.97125962063559,122.73548794053006,131.8597740025365,113.1238259607586,82.78888814327681,54.18486873657626,homer
39.87480407475377,151.95723082499234,160.67358214715946,89.7217922246318,106.40018796975878,56.90342696182718,homer
134.17153200288055,137.02554506368512,146.02397063496116,103.36827366266692,94.68896451012652,33.74907406137241,homer
93.5147047260483,135.1332675546625,143.88189601197226,97.03607576566563,90.44888059008801,25.475478405713993,homer
71.02816342831905,86.85620300243386,93.01075206662937,173.80736463107655,116.16367762773353,55.33534132902769,homer
119.50732195141852,135.26270735128733,145.19986225888783,77.57576941287789,102.90286682109493,34.942810419312295,homer
66.73829485385434,179.6914021315433,189.40432941197517,179.85827754095723,164.26198586404584,48.425200051213004,homer
62.77738446287803,125.27170470621049,133.70863846438644,94.19660291114536,97.35502041497398,34.713109915419565,homer
69.72087205421343,140.27473043994775,148.84219831754703,90.07774419910837,93.89888178247918,39.83716857408418,homer
67.3349834781297,146.9489707347418,155.24496771232234,80.26830009412184,98.45811292118086,39.97499218261337,homer
62.76145313805282,148.15532390029054,156.4768353463221,80.30566605165541,99.7997995989972,53.319789947073126,homer
95.0263121456368,129.59166639873106,138.68309197591464,118.56221995222593,98.0,50.48762224545735,homer
74.30343195303969,132.85706605220514,140.41367454774482,84.34453153583817,98.52410872471773,65.12296062065974,homer
83.07827634225448,132.46131510746827,141.8767070381886,119.57006314291216,95.79144011862438,23.600847442411894,homer
65.75712889109438,170.00294115102832,179.77207792090516,186.26325456192373,153.62616964566942,46.411205543489174,homer
67.80855403265875,108.5679510721281,118.2201336490532,118.77289253024026,102.53779790886871,25.709920264364882,homer
68.85491994040804,110.57576588023255,117.60952342391326,79.78721702127478,95.60857702110204,71.7007670809734,homer
73.57988855658861,134.23859355639868,143.45382532369084,111.46748404803976,94.6044396421225,21.470910553583888,homer
82.63776376451628,141.4814475470194,150.8045092164024,115.29093633065871,103.32956982393762,37.8549864614954,homer
49.52776998815917,78.74007874011811,88.47033401089882,183.85048272985307,80.31189202104505,43.977266854592045,homer
104.81412118603103,131.47243057006287,140.04999107461592,112.38327277669039,101.49384217774002,25.729360660537214,homer
68.30080526611674,55.65968020030299,60.37383539249432,106.64895686315924,86.97700845625813,51.24451190127583,homer
75.40557008603542,114.73011810331235,121.73742234826561,80.85790004693419,98.91915891272023,68.70953354520753,homer
98.16312953446422,136.04778572251738,143.0314650697531,180.62391868188442,143.29689459300923,14.2828568570857,homer
107.78682665335315,126.19429464123962,136.1396341995967,160.5303709582707,106.7941945987702,31.654383582688826,homer
71.05631569396206,111.16204388189342,120.49066353871572,117.83887304281215,96.21330469326995,25.67099530598687,homer
106.91117808723277,122.15563842901399,127.8632081562167,191.78633945096297,118.41030360572512,44.19275958796871,homer
65.97726881282674,109.27488274987991,117.73699503554522,189.3594465560142,123.2923355282071,23.790754506740637,homer
76.94803441284255,66.67083320313314,75.8023746329889,84.91760712596653,49.34571916590131,24.1039415863879,homer
68.79680225126747,138.03260484392808,147.92565700378012,152.06577524216289,113.7233485261492,40.43513323831146,homer
87.0976463516667,106.44716999526104,114.64728518373211,100.46890066085126,92.22255689363638,37.907782842049734,homer
147.87156589419075,59.54829972383762,59.50630218724736,193.83240183209824,112.63214461245067,30.495901363953813,homer
63.071388124885914,137.94564146793476,146.69014963520897,95.94790253048787,93.2148056909416,18.81488772222678,homer
27.09243436828813,67.94115100585212,76.909037180295,37.69615364994153,85.12343978012167,27.331300737432898,homer
67.80855403265875,118.73921003611234,128.34328965707556,133.49906366712838,87.68694315575154,41.92851058647326,homer
34.68429039204925,176.46246059714798,186.08600162290554,144.30869689661813,153.62942426501507,68.38128398911503,homer
39.97499218261337,83.36666000266533,87.64131445842195,58.90670590009256,104.3982758478319,58.728187440104094,homer
71.79832867135558,144.72387501722028,153.0947419084013,83.15046602394962,96.77293009927931,54.35071296680477,homer
69.89992846920518,130.2843045036508,135.31075345293144,109.27945827098522,102.55242561733974,92.83318372220141,homer
38.379682124790975,141.84851074297538,150.35291816256844,87.76103919165953,94.92628719169417,41.10960958218893,homer
93.8829057922687,122.94714311442947,132.85706605220514,155.51527256189343,101.7152889196113,44.64302857109943,homer
77.46612162745726,108.52188719332152,117.83887304281215,96.58674857349739,98.47842403288143,24.186773244895647,homer
51.468436929831086,110.69778678907723,117.17081547894082,70.68238818828917,105.8536725862641,55.74047003748713,homer
34.48187929913333,118.71815362445628,126.17844506887855,187.31791158348952,127.36168968728391,44.034077712607996,homer
62.8728876384726,145.71547618561317,155.62133529821674,161.24515496597098,124.1491039033307,70.22107945624305,homer
77.272245987806,69.32532004974806,78.05767098754612,83.76753547765387,48.33218389437829,22.67156809750927,homer
63.8200595424354,64.53681120105021,73.76991256603196,86.13361713059541,54.405882034941776,54.96362433464518,homer
66.59579566308972,124.68760964907459,133.07140940111816,110.90085662428402,103.3537614216338,44.76605857119878,homer
64.1404708432983,119.4026800369238,129.15881696578055,179.08657124418906,109.62207806824317,35.2845575287547,homer
71.96526940128828,111.14405067298924,120.9710709219357,75.1398695766768,102.04410811016969,23.853720883753127,homer
60.0,85.66796367370944,94.33981132056604,208.60009587725506,100.44401425669923,12.206555615733702,homer
31.464265445104548,141.71097346359596,145.6605643267937,62.56196927846821,108.30050784737807,13.379088160259652,homer
65.3299318842443,114.03508232118746,123.85071659057932,74.49161026585477,88.05679985100527,45.86937976471886,homer
69.57729514719583,73.72245248226622,80.2745289615579,185.06755523321746,106.23088063270491,39.57271787481876,homer
66.37770710110436,115.90081966923272,125.67418191498204,145.2101924797292,90.40464589831653,41.86884283091664,homer
131.14114533585558,130.42239071570495,140.23195071024293,186.50737250843463,121.81953866272849,40.024992192379,homer
92.56889326334198,53.55371135598354,56.52433104425032,85.16454661418682,93.06986622962343,89.54328562209453,homer
62.39390995922599,69.92853494818836,78.87331614684399,151.60804727981954,84.91171886141512,51.778373863998475,homer
25.729360660537214,76.58328799418317,83.74962686484042,61.032778078668514,105.09519494249011,23.93741840717165,homer
100.54849576199537,127.94920867281672,136.73331708109768,129.9269025259973,96.52978814852958,57.57603668193913,homer
64.63745044476924,148.49242404917499,156.66843970627906,76.909037180295,99.24716620639605,43.37049688440288,homer
62.080592780675026,126.38829059687451,132.984961555809,95.5928867646542,84.31488599292535,8.54400374531753,homer
67.6904720030818,136.3048054912225,144.45760623795482,90.65870063044142,95.80187889597991,48.579831205964474,homer
67.63135367564367,152.59423318068085,162.22823428737675,128.41339493993607,118.63810517704673,34.899856733230294,homer
68.24221567329127,119.49058540320237,127.59702190882042,104.12492496996096,95.33624704172071,56.231663678038196,homer
36.30426972134269,90.36592278065886,98.53425800197614,79.3536388579629,91.46584061823299,34.249087579087416,homer
126.62938047704411,130.4645545732633,140.3923074815711,172.18013822738092,115.58979193683152,46.561786907291264,homer
69.8426803609369,135.2442235365341,142.32357499725757,86.92525524840292,102.33767634649519,39.496835316262995,homer
66.07571414672717,148.36778626103444,156.62056059151365,78.54934754662193,99.56404973684026,45.13313638558703,homer
39.57271787481876,96.34313675607619,103.13583276436954,119.22248110151038,75.33259586659682,47.275786614291256,homer
79.71198153351854,107.26602444390302,117.0,161.58279611394278,90.64215354899729,79.14543574963751,homer
131.829435256319,132.03408650799233,141.8097316829843,189.41488853836174,124.39051410778879,29.427877939124322,homer
100.08496390567366,97.45255255764212,104.22091920531118,130.0884314610642,74.06753674856482,52.49761899362675,homer
67.08949247087803,126.15070352558483,136.09188072769072,169.1715106038839,110.60741385639572,48.062459362791664,homer
57.91372894228103,148.55975228843107,156.55350523063993,194.16230324138618,164.43843832875572,37.027017163147235,homer
80.77747210701756,45.18849411078001,47.042533945356304,162.81277591147446,96.39502061828712,23.345235059857504,homer
78.01281945936834,87.04022058795577,91.27431182978046,131.10682667199293,92.99462350050136,59.312730505347666,homer
100.89103032480142,95.68698971124549,105.35179163165665,162.4222891108237,80.78366171448283,49.05099387372289,homer
82.43178998420451,132.34047000067667,141.6368596093545,114.90430801323335,93.8829057922687,18.16590212458495,homer
91.58602513484249,107.9166344916297,117.0,123.07314898059609,70.8942874990644,75.32595834106593,homer
61.48983655857283,128.63125592172378,137.71347065556077,109.29318368498559,87.78382538941898,28.653097563788805,homer
31.76476034853718,98.28021163998376,107.79610382569493,78.63841300535,95.2732911156112,45.0,homer
63.796551630946325,120.67725552066554,128.91857895586656,67.03730304837748,99.3327740476425,47.02127178203499,homer
78.43468620451031,141.12760183606892,150.7647173578752,128.94960255851896,107.87492757819122,9.486832980505138,homer
31.63858403911275,87.27542609463445,95.67653839891993,81.20344820264715,89.56003573022959,35.22782990761707,homer
68.37397165588672,120.22478945708326,129.634100452003,121.89339604752999,105.19030373565806,53.99073994677235,homer
42.941821107167776,96.11451503285026,102.7277956543408,121.74563647211345,82.8190799272728,47.391982444291145,homer
64.40496875241847,96.01041610158765,105.70241246064349,142.28492541376264,68.90573270780887,23.345235059857504,homer
78.01281945936834,123.79822292747178,132.6838347350573,95.33624704172071,96.51942809610924,65.43699259593154,homer
63.608175575157006,151.82885101323794,159.98437423698604,74.57211275000863,102.38163897887159,47.10626285325551,homer
68.64400920692205,151.6212386178137,159.6433525080202,71.61005515987263,101.43470806385751,54.86346689738081,homer
71.30918594402827,146.7957765060017,156.70992310635597,73.93240155709809,101.19782606360673,37.21558813185679,homer
94.19660291114536,113.4063490286148,122.84136111261549,96.46242791885346,96.04165762834376,57.905094767213704,homer
62.74551776820397,95.56673061269805,101.14346246792226,100.94552986635911,100.20479030465559,33.12099032335839,homer
63.25345840347388,111.83469944520797,121.12803143781376,122.67844146385298,75.07995737878386,12.24744871391589,homer
73.97296803562772,130.06536818077285,139.10427743243557,107.58252646224665,88.69611039949835,18.193405398660254,homer
64.64518543557594,68.07348970047003,73.62744053679987,81.4555093287127,99.38812806366765,63.66317616958802,homer
68.8839603971781,101.82828683622247,111.18453129819814,128.7400481590713,67.07458535093602,44.955533585978046,homer
71.01408311032397,118.61703081766969,128.03515142334936,124.71166745737946,104.88088481701516,53.225933528685054,homer
64.45153217728807,145.2618325645109,147.34313692873516,83.39064695755754,102.39628899525607,59.983331017875294,homer
63.13477647065839,147.39742195845895,155.92626462530293,86.40023148117139,100.57832768544127,39.57271787481876,homer
78.65112840894274,55.86591089385369,59.447455790807396,88.65100112237876,89.96666049153987,90.11659114724658,homer
55.641710972974224,155.03547981026796,162.73598249926167,62.96824596572466,103.27632836231156,39.370039370059054,homer
71.09149034870488,111.14405067298924,117.87281281109738,81.5659242576212,93.73366524360391,72.20803279414278,homer
71.47726911403373,107.71258050942797,115.86630226256467,83.33066662399864,101.61200716450787,55.58776843874919,homer
61.72519744804386,148.44190782929192,157.48015748023622,101.36074190730847,106.04244433244644,44.87761134463375,homer
80.8084154033477,88.85943956609225,96.18211892030659,100.42907945411031,107.26602444390302,49.10193478876367,homer
41.737273509418415,105.43718509140881,111.66915420114903,139.89639023220005,110.51696702316798,40.36087214122113,homer
127.92185114357906,143.44685427014426,152.66302761310612,88.68483523128404,110.89634800118532,55.839054433254866,homer
70.69653456853455,143.92706486272832,152.87903715029083,99.62931295557549,100.82162466455298,13.038404810405298,homer
66.7757440991862,171.09938632268674,180.89776118017602,178.94691950408088,151.73990905493517,24.919871588754223,homer
62.81719509815764,122.60913505934214,129.57623238850556,76.30203142774116,101.24722218411723,54.8270006474912,homer
70.88723439378913,106.03301372685773,114.0701538527936,86.05230967266364,97.49871794028884,37.33630940518894,homer
77.36278174936577,122.78843593759146,131.93180056377614,107.97221864905805,84.91760712596653,35.4964786985977,homer
78.4729252672538,128.6118190525272,137.81872151489435,113.30489839367051,89.3364427319557,12.569805089976535,homer
94.89994731294638,125.31560158256433,135.2442235365341,156.5279527752152,104.27847332982968,42.05948168962618,homer
56.382621436041795,110.98198051936178,118.31314381758267,186.9652374105946,128.05077118080936,42.30839160261236,homer
65.91661399070799,152.35156710713545,160.44936896105264,178.11513130556875,148.60686390607938,40.124805295477756,homer
64.73020933072904,149.32849694549262,157.59441614473528,78.77816956492453,100.6429331846007,44.04543109109048,homer
135.2848845954344,127.51470503436065,137.2989439143652,187.65127231116767,120.04165943538102,57.358521598799946,homer
68.66585760041157,128.65846260545786,138.35461683659133,93.60555539069249,96.38983348880731,44.75488800120049,homer
35.185224171518364,71.23903424387504,81.14185110040317,162.48692255070867,58.52349955359813,32.55764119219941,homer
37.14835124201342,59.30430001273095,69.12307863514182,48.4458460551573,56.806689746895124,29.732137494637012,homer
82.41965784932621,139.62807740565648,148.6573240711671,103.46496991735899,97.49871794028884,31.368774282716245,homer
129.0929897399545,116.52038448271615,125.41929676090518,107.73114684249862,99.89494481704267,30.870698080866262,homer
48.91829923454004,153.94804318340653,161.72507535938885,65.45991139621256,102.61578825892242,25.099800796022265,homer
78.10889834071403,126.4792473095883,135.52121605121465,108.77499712709718,85.18802732778826,74.06753674856482,homer
109.84079387914127,118.05507189443408,126.46738710039043,139.8785187224972,114.7736903649961,35.369478367654786,homer
67.49074010558782,140.34956359034396,148.6102284501306,106.061303028013,101.45935146648632,21.6794833886788,homer
67.74953874381728,109.43948099292137,118.36384583140241,104.85704554296768,100.7869039111729,45.9782557302906,homer
69.66347680097513,145.85609346201483,154.36644713149292,86.09878047916823,98.8635423197045,47.38143096192854,homer
75.1065909225016,132.58205006711881,141.84851074297538,113.74972527439353,93.69098142297368,43.61192497471305,homer
39.370039370059054,125.78155667664477,130.95800853708795,204.59960899278374,160.78246173012778,30.54504869860253,homer
82.86132994346639,128.58071395042103,138.4557691105719,180.14993755202914,117.52871989433051,60.149812967290266,homer
136.63454907160195,53.150729063673246,59.61543424315552,89.58236433584459,90.13878188659973,29.546573405388315,homer
67.32013071882734,146.83664392786972,156.2241978696002,80.38034585643433,100.20977996183805,47.38143096192854,homer
40.607881008493905,148.7615541731129,156.0416611036937,97.92854537876073,106.60675400742676,63.324560795950255,homer
110.6752004741803,147.4143819306651,157.34039532173549,176.8897962009115,131.60927019021113,35.86084215408221,homer
70.92249290598858,141.60861555710514,151.32085117392117,133.70115930686615,110.05907504608605,10.04987562112089,homer
69.32532004974806,149.4556790490077,157.77832550765646,79.82480817390042,101.07917688624102,57.043842787806646,homer
61.66846844214635,104.56576877735849,114.38968484964018,156.28499608087785,85.4049178911847,26.019223662515376,homer
73.7360156233031,126.05554331325537,135.47324459095236,81.2773031048644,104.89518578085459,39.81205847478876,homer
66.49060083951716,134.3354011420668,143.0419518882485,133.72733452813603,103.0824912388132,59.94997914928745,homer
66.84309986827361,144.48529336925608,152.8757665557233,83.71977066380438,96.67471230885562,23.366642891095847,homer
65.95452979136459,107.38249391777042,116.49892703368559,111.50784725749125,80.20598481410225,14.7648230602334,homer
65.92419889539804,116.4474130240771,126.31310304160847,107.97221864905805,82.22530024268686,43.278170016764804,homer
71.79136438319027,131.01908257959983,139.61733416735902,102.24480426897007,103.860483341837,30.62678566222711,homer
61.73329733620261,135.38463723776047,144.25671561490648,100.58826969383657,91.97282207261013,4.69041575982343,homer
93.89888178247918,121.4660446379975,131.10682667199293,118.82760622010359,116.33572108342304,20.73644135332772,homer
132.57827876390613,145.67429423202984,154.395595792108,93.08061022576076,100.60318086422517,53.637673327615545,homer
68.54195795277518,107.68936809174804,116.71332400373147,80.56674251823763,103.83640979926068,43.73785545725808,homer
79.5361553005927,131.7193987231949,141.15594213493105,120.7435298473587,95.44631999192006,56.471231613982,homer
67.48333127521195,128.95347998406248,138.787607515945,183.66817906213367,119.41105476462387,34.058772731852805,homer
63.26926584053272,130.31500297356402,138.07606599262596,84.44524853418338,80.38656604184557,39.102429592034305,homer
69.8927750200262,105.82060290888538,112.18288639538564,89.8276126811795,97.70363350459388,59.90826320300064,homer
52.81098370604357,96.19251530134764,105.47985589675405,72.2564875980005,98.17331613019904,86.31338250816034,homer
47.77028364998475,134.61797799699713,144.19778084284098,201.52171098916364,131.68902763708144,21.97726097583591,homer
50.457903246171455,85.84870412533901,92.35258523723091,82.95179322956196,103.66291525902598,39.0,homer
40.8166632639171,97.46281342132495,106.07544484940895,116.53754759733019,64.91532946846992,44.24929377967517,homer
110.56672193747991,139.5026881461429,149.27156460625713,191.9947915960222,131.38112497615478,44.14748010928823,homer
76.27581530209953,145.4269576110289,154.03246411065427,89.20762299265685,99.24212815130478,45.48626166217664,homer
58.881236400062114,143.2375649052999,151.62453627299243,84.34453153583817,95.4829827770373,28.705400188814647,homer
43.2087954009366,124.05240827972668,133.99253710561644,47.94788837894741,106.48474069086143,9.486832980505138,homer
91.13725912051558,149.8866238194723,156.9108026873867,225.73214215082442,162.1295778073822,22.360679774997898,homer
73.17103251970687,102.12247548899312,110.60741385639572,219.29432277193132,117.0,29.13760456866693,homer
65.4217089351845,128.17566071606575,136.3451502621197,181.29809706668186,142.72000560538106,48.187135212627034,homer
92.63368717696602,134.1864374666829,143.43291114664027,112.6454615153225,94.95261976375376,18.35755975068582,homer
39.408120990476064,99.5238664843765,108.06479537758817,134.54367320688104,106.30616162763097,53.91660226683428,homer
88.2269800004511,100.52860289489753,109.67679791095289,102.96601381038309,95.79665964948882,28.39013913315678,homer
52.392747589718944,117.63077828527702,126.57803916951787,81.6394512475433,101.1830025251277,31.32091952673165,homer
85.871997764114,134.79985163196582,144.52681412111733,135.46217184144066,104.21612159354233,51.39066063011839,homer
86.91375035056306,118.4145261359433,127.06297651164952,118.54113210189955,84.97646733066749,35.014282800023196,homer
113.26517558367179,136.5686640485291,146.34206503941374,190.71968959706285,128.53404218338423,43.73785545725808,homer
113.88151737661384,141.8767070381886,151.14893317519645,217.13129668474787,143.87147041717478,27.2213151776324,homer
84.7938677028003,145.36505769957236,153.96103403134185,89.38679992034618,99.20181449953424,50.457903246171455,homer
56.72741841473134,72.86974680894672,81.7618492941543,108.82095386459356,89.61026726887941,14.798648586948742,homer
73.79701890998037,94.81033698917012,104.52750834110607,75.69015788066504,86.82741502543998,42.08325082500163,homer
62.545983084447556,125.00399993600205,133.94401815684043,89.5377015563835,97.28309205612247,26.551836094703507,homer
47.391982444291145,121.61414391426682,130.9083648969767,35.510561809129406,84.08329203831163,34.249087579087416,homer
61.424750711744856,108.70142593360954,117.17934971657762,77.3950902835574,98.49365461794989,48.36320915737499,homer
63.13477647065839,111.83469944520797,121.62236636408618,65.83312236253116,85.18802732778826,16.34013463836819,homer
42.473521163190604,150.41941364066008,158.78601953572613,80.46738469715541,102.30347012687302,40.4103947023535,homer
56.178287620752556,81.35723692456621,87.90904390334364,73.45066371381542,95.57196241576293,22.360679774997898,homer
67.91906948714772,90.5869747811461,100.32447358446493,149.40883508012504,67.72001181334805,39.11521443121589,homer
58.35237784358063,148.16882263148344,155.9134375222354,174.8656627242753,166.23477373883,57.39337940912697,homer
40.24922359499622,68.65857557508748,77.4919350642375,56.16938667993447,46.08687448721165,99.22197337283713,homer
58.68560300448484,126.41598000252975,135.6244815658294,94.81033698917012,111.76761606118295,36.72873534441391,homer
45.2990066116245,110.58933040759402,119.87076374162301,169.7910480561328,115.67194992737004,32.51153641401772,homer
41.30375285612676,122.93900926882402,128.05077118080936,50.28916384272063,111.97321108193691,46.75467891024384,homer
59.06775770248944,94.50396817065408,104.19213022104884,80.30566605165541,91.65696918401787,50.61620293937506,homer
103.09219175087898,95.95832428716125,105.35179163165665,100.40418317978589,94.11694852681954,58.42088667591412,homer
115.67627241573788,135.4400236266961,145.19986225888783,191.26160095534075,127.88275880665071,42.485291572496,homer
44.48595283907045,62.0403094769844,70.69653456853455,63.0317380372777,83.77947242612596,65.46754921333164,homer
74.69270379361026,144.7653273404927,153.35579545618745,89.25245094673872,98.52410872471773,50.38849074937649,homer
73.60706487831179,83.28865468957942,92.9623579735368,167.5768480429203,72.78049189171504,23.388031127053,homer
85.14693182963201,63.4428877022476,73.25298628724975,92.39047569960877,60.6217782649107,47.92702786528704,homer
52.85830114561004,99.26731586982696,109.20164833920778,158.43295111813072,81.69455306200041,37.22902093797257,homer
88.06815542521599,140.0749799214692,149.72641717479252,130.03845585056752,107.24271537032247,28.178005607210743,homer
52.592775169218825,88.93818077743664,97.47307320486001,172.78310102553434,89.96110270555825,33.31666249791537,homer
55.767373974394744,119.50313803411188,129.1743008496659,192.04686927935066,115.84903970253703,35.62302626111375,homer
92.26592003551474,137.1823603820841,146.27371602581238,106.29205050237765,95.85927185202274,9.055385138137417,homer
39.408120990476064,100.18482919085105,103.27632836231156,66.49060083951716,98.98484732523458,53.9351462406472,homer
81.17881497040962,156.5055909544448,166.0873264279969,131.0076333653883,123.02032352420473,59.135437767890075,homer
56.72741841473134,111.77656283854859,121.0,70.51241025521678,100.30453628824571,16.431676725154983,homer
69.83552104767315,86.1974477580398,95.10520490488415,202.11630315241766,96.69539802906858,33.481338085566414,homer
57.15767664977295,167.94046564184583,175.09711591000007,44.553338819890925,114.16654501210063,31.064449134018133,homer
53.103672189407014,161.2234474262351,170.67512999848572,155.0902962792966,156.43848631331102,52.49761899362675,homer
54.35071296680477,145.44414735560864,153.4959282847594,75.76938695805846,95.57196241576293,73.16419889536138,homer
63.41135544995076,118.36384583140241,124.77579893553076,84.90583018850944,93.58418669839472,15.362291495737216,homer
35.482389998420345,70.20683727387241,79.03163923391695,58.957611891934704,52.43090691567332,30.347981810987037,homer
54.57105459856901,143.55835050598765,153.17310468878014,128.22636234409833,109.99545445153632,22.627416997969522,homer
49.29503017546495,67.68308503607086,76.77239087067694,61.204574992397426,49.20365840057018,54.46099521676041,homer
80.65977932030313,138.6542462386205,147.3024100278064,149.52257354660534,142.1407752898513,38.58756276314948,homer
107.66615066955816,108.59558002055148,118.4145261359433,85.55699854482975,98.65596788841515,33.12099032335839,homer
94.10632284814874,119.28118040998756,128.666234887013,129.71121771072848,86.47543003651384,35.369478367654786,homer
113.51211389098522,145.9349170006959,155.73695772038184,190.37331745809337,135.7460864997588,64.73020933072904,homer
55.80322571321482,88.28929719960398,93.33809511662427,137.38267721950973,81.34494452638098,63.608175575157006,homer
74.16872656315464,147.31259280862582,155.82682695864662,85.59205570612264,100.30453628824571,63.324560795950255,homer
42.76680956068619,104.96666137398103,114.09206808538444,67.06713054842886,104.12012293500234,26.720778431774775,homer
86.16843969807043,134.29445260322558,144.06942770761603,138.91724155050014,105.09519494249011,56.78027826631356,homer
91.21951545584969,131.18688958886096,140.360250783475,116.081867662439,95.27853903162034,48.36320915737499,homer
60.489668539346454,117.19214990774766,124.29400629153443,122.43365550370535,94.06912352095134,45.93473631142341,homer
46.57252408878007,102.07840124139877,111.54819586169917,41.24318125460256,69.6419413859206,39.8622628559895,homer
77.30459236035075,161.7188919081503,169.82932608945958,127.5186260904657,145.11719401917887,12.727922061357855,homer
53.96295025292817,111.73629669896886,120.5902151917808,112.24081254160627,69.74955196988724,50.24937810560445,homer
48.938737212968626,101.55786527886454,106.53168542738823,90.60905032059435,130.13070352534024,68.97825744392213,homer
84.84102781084161,108.12030336620407,115.5551816233266,100.81666528902848,96.66954018717581,60.315835400000886,homer
26.419689627245813,80.99382692526635,90.87904048789248,167.23934943666816,70.92249290598858,33.61547262794322,homer
106.74268124794318,187.32325002519042,196.94923203709124,220.24758795501032,179.27632303235137,52.03844732503075,homer
81.32035415564789,96.48315915225828,106.23558725775464,72.94518489934754,87.91473141629905,45.79301256742124,homer
66.30987860040162,128.86038956948718,135.15176654413364,87.95453370918409,89.69392398596462,33.74907406137241,homer
32.341923257592455,82.52272414311103,91.94019795497506,39.230090491866065,89.38679992034618,16.64331697709324,homer
58.59180830116101,140.64138793399331,149.9966666296288,88.65100112237876,100.069975517135,19.1049731745428,homer
57.253820833198546,112.63214461245067,120.86769626331099,95.39916142189091,97.35502041497398,72.20803279414278,homer
97.94386147176351,145.50944986494864,150.03332963045244,235.32105728132365,181.309128286471,46.850827100489916,homer
57.91372894228103,57.66281297335398,66.4981202741852,181.17946903553946,62.56996084384263,34.713109915419565,homer
58.557663887829406,112.8716084761797,122.2906374175881,126.41598000252975,78.16648898345122,33.015148038438355,homer
58.88972745734183,143.41896666759246,152.0855022676389,91.29074432821763,97.71898484941399,23.366642891095847,homer
66.24198064671678,129.13558765886341,136.48076787591722,90.21086409075129,89.78307190111062,30.740852297878796,homer
50.695167422546305,179.4825896849051,187.61929538296428,65.26101439603893,129.51447795516916,61.163714733492114,homer
69.40461079784254,104.3982758478319,111.44505372604026,82.58934555982388,98.41747812253675,50.457903246171455,homer
60.22457969965419,139.04675472660267,147.8681845428556,97.73944955850733,94.94208761134337,18.867962264113206,homer
48.63126566315131,144.78950238190612,149.30170796075979,45.044422518220834,107.83320453366856,45.36518488885502,homer
75.75618786607468,111.53474794878949,118.536914081648,93.56281312572854,95.98437372822724,47.29693436154187,homer
85.18802732778826,133.4541119636259,142.69197594819408,112.66321493726335,94.18067742376883,43.46262762420146,homer
102.32301793829187,134.59569086712992,142.02464574854605,83.2946576918352,99.34284070832683,22.38302928559939,homer
55.86591089385369,130.05383500689243,136.56134152826706,100.0649788887201,99.12618221237011,58.81326381013045,homer
95.48821916864928,165.85837331892532,168.50519279832298,249.83394485137524,208.1561913563947,62.8728876384726,homer
57.358521598799946,130.83195328359201,138.6145735483827,95.84362263604189,92.67685795278129,61.69278726074872,homer
76.97402159170326,99.34787365615834,106.96261028976434,110.09995458672996,99.74467404327912,54.0,homer
42.36744032862972,133.7796696064092,141.7956275771577,36.124783736376884,113.60457737256893,55.98214000911362,homer
42.96510211788167,144.42298985964803,152.9869275461142,88.61715409558128,97.96938297243685,51.28352561983234,homer
62.24949798994366,92.32551110067033,100.29456615390487,87.18371407550839,95.20504188329524,31.89043743820395,homer
65.6505902486794,143.31085094995424,151.81897114655993,87.20665112249179,96.37427042525407,27.80287754891569,homer
52.1344415909483,123.59207094308275,132.4537655183876,80.83316151184488,96.23408959407264,26.92582403567252,homer
66.27971031922213,98.43271813782245,107.060730429042,181.5626613596529,106.94858577840101,62.56196927846821,homer
48.54894437575342,154.20765220960988,162.31758992789415,72.3394774656273,104.45094542415593,58.01723881744115,homer
94.15943925066674,168.78388548673715,171.79930151196774,249.03614195533947,209.80467106334882,62.0403094769844,homer
60.29925372672534,141.40014144264495,151.3175469005495,40.01249804748511,118.54113210189955,18.027756377319946,homer
113.87712676389407,88.84255736976509,97.25224933131366,111.22499719037982,106.17909398747005,51.28352561983234,homer
44.19275958796871,96.37945839233586,106.12257064357233,130.5565011786085,71.68681887209112,51.980765673468106,homer
71.23903424387504,135.90437814875574,143.61406616345073,121.49897118905987,100.54352291420865,17.60681686165901,homer
38.262252939417984,68.96375859826666,78.14729681825213,147.7193284577208,42.02380277890139,63.85922016435841,homer
58.9406481131655,123.47469376354006,131.10682667199293,101.25709851659784,99.24716620639605,71.17583859709698,homer
42.74342054632502,78.66384175718855,88.06247782114696,59.84981202978001,83.5344240418284,58.73670062235365,homer
47.67598976424087,92.30384607371461,99.69453345093702,63.52952069707436,102.1420579389313,52.507142371300304,homer
87.960218280766,113.07519621915321,119.80400661079746,112.6454615153225,94.95261976375376,65.3299318842443,homer
57.982756057296896,85.0,90.41017641836565,99.30760293149764,93.01075206662937,46.69047011971501,homer
51.35172830587107,140.31393373432306,148.76491521860925,87.20665112249179,93.04837451562494,42.532340636273474,homer
81.68843247363729,99.80981915623332,109.74971526158963,161.84251604569178,84.15461959987698,37.76241517699841,homer
57.02630971753301,149.23136399564268,156.87255974197654,65.612498809297,97.3139250056229,68.68769904429759,homer
55.614746245937326,95.5405672999695,104.66613587975817,61.84658438426491,104.68046618161385,50.57667446560717,homer
61.66846844214635,131.25928538583472,139.7211508684351,93.39164844888434,84.66994744299774,45.12205669071391,homer
36.932370625238775,63.13477647065839,72.53275122315436,67.60917097554147,71.03520254071216,59.00847396772772,homer
51.176166327695945,145.09996554100212,152.85614151874958,172.56303196223692,163.26052799130596,62.65780079128216,homer
65.21502894272147,134.29072938963435,142.7760484114895,90.86803618434813,97.49871794028884,28.91366458960192,homer
64.64518543557594,119.7246841716444,129.2168719633779,83.36666000266533,101.29659421717987,52.3354564325181,homer
77.06490770772389,99.34284070832683,106.91117808723277,106.23088063270491,101.24228365658294,27.09243436828813,homer
67.66091929614909,104.12012293500234,112.63214461245067,113.78049041905207,93.42911751697112,38.65229618017538,homer
51.088159097779204,136.92698784388708,146.8672870315238,35.014282800023196,118.73921003611234,43.104524124504614,homer
77.6273147803014,98.91915891272023,106.98598038995577,89.31965069345043,97.82126558167197,32.984845004941285,homer
62.465990746965666,79.93747556684536,86.53900854527974,135.65397155999526,69.05794668247819,42.83689998120779,homer
65.91661399070799,142.70599146496969,151.27458477880546,91.26883367283708,96.92780818733084,55.59676249567055,homer
66.79820356865893,132.17034463146413,140.8190328045183,96.15612304996495,86.82741502543998,49.73932046178355,homer
44.15880433163923,69.87131027825369,78.74642849044012,66.4304147209695,53.49766350038102,33.85262175962151,homer
52.392747589718944,146.50938536489735,154.77079827926198,79.68688725254614,97.8008179924892,51.07837115648854,homer
56.16938667993447,139.19051691835907,146.50938536489735,78.39642849007855,100.48382954485761,43.05810028322197,homer
44.24929377967517,135.04813956511953,144.59944674859582,54.35071296680477,105.61723344227494,47.49736834815167,homer
46.57252408878007,59.472682804797024,63.45076831686122,150.5257453062432,103.03882763308208,48.02082881417188,homer
62.68173577685928,126.96456198483102,129.9038105676658,98.24459272652109,88.82004278314665,40.311288741492746,homer
107.74042880924505,143.24803663575986,150.42273764295078,147.52965803525743,118.11011811017717,23.853720883753127,homer
70.01428425685718,145.22396496446444,153.43076614551595,79.12648102879339,96.22889378975526,42.555845661906424,homer
88.47033401089882,113.81124724736128,120.55704044144414,112.68983982595769,96.36389365317281,65.3299318842443,homer
62.0403094769844,107.97221864905805,117.08543888972702,81.44323176298937,98.62048468751307,43.3358973600409,homer
86.49855490122364,144.39875345722345,153.2710018235674,97.49871794028884,100.60318086422517,53.16954015223378,homer
57.8013840664737,59.42221806698232,67.52777206453653,88.39683252243827,86.14522621712709,44.41846462902562,homer
102.93201639917486,139.26593266122194,148.4048516727132,160.4431363443136,126.14673994994877,5.196152422706632,homer
45.89117562233506,62.51399843235114,70.90133990271269,42.1070065428546,48.76474136094644,12.68857754044952,homer
124.44275792507976,218.4925628024899,227.0594635772753,285.3383955937231,225.36414976655004,51.31276644267,homer
64.57553716385176,154.17846801677592,162.5423021862309,79.23383115816122,106.02358228243375,65.42935121182236,homer
40.36087214122113,39.824615503479755,48.425200051213004,60.06662967072483,66.15134163416491,61.814237842102365,homer
54.872579673275794,86.4060183089118,95.23129737644027,209.00478463422792,101.1236866416568,35.35533905932738,homer
89.05616205518852,123.01625908797584,130.7440247200613,142.2884394460773,104.73299384625649,24.779023386727733,homer
47.77028364998475,138.4882666510055,147.97297050475132,47.60252094164762,107.63363786474933,45.39823785126467,homer
43.0,145.58159224297555,154.12008305214476,87.52713864853574,98.91410415102591,51.58488150611572,homer
48.67237409455183,98.3107318658548,107.63828315241747,132.38579984273238,65.07687761409578,54.57105459856901,homer
55.235857918565905,93.45052166788584,101.59724405711013,80.88263101556477,96.48315915225828,52.23983154643591,homer
147.34313692873516,119.16794871105233,128.49124483792662,206.24742422634034,122.39689538546311,19.235384061671343,homer
55.11805511808268,105.78279633286313,115.22586515188333,52.952809179494906,75.16648189186454,37.70941526992961,homer
62.20932405998316,94.7100839404126,103.29569206893383,131.0,60.166435825965294,53.99073994677235,homer
49.72926703662542,147.5872623230067,156.9872606296447,116.27983488120371,109.87265355856297,19.131126469708992,homer
56.50663677834667,119.65784554303157,129.27876855849146,97.45255255764212,113.63978176677391,19.949937343260004,homer
102.2985825903761,162.11107303327555,170.74835284710656,85.35221145348257,115.88787684654508,39.11521443121589,homer
58.215118311311535,54.378304497290095,64.26507605223851,76.95453203028396,58.19793810780585,17.72004514666935,homer
72.97259759663213,80.75270893288967,89.07300376657341,139.8356177803066,93.23625904121208,25.942243542145693,homer
72.72551134230683,133.93655214316965,143.01048912579805,175.9829537199555,123.37341690980274,17.11724276862369,homer
59.74110812497538,113.37548235840057,121.18168178400562,93.66963221877195,88.84255736976509,48.05205510693585,homer
78.10889834071403,115.68923891183657,125.10395677195825,45.92385001282014,80.46117075956576,31.448370387032774,homer
48.72371086031933,141.24092891226678,150.2997005985042,77.99358948016176,100.44899203078147,67.20119046564577,homer
67.68308503607086,81.85963596303125,90.23303164584463,128.33549781724463,89.5488693395958,24.677925358506133,homer
50.40833264451424,137.04378862246912,146.58103560829417,204.42602574036408,134.79985163196582,21.656407827707714,homer
57.706152185014034,128.82158204276178,138.36184445142382,25.573423705088842,94.57801012920498,71.65193647069142,homer
65.93178292750773,114.17968295629481,123.97580409095961,93.32202312423365,88.32893070789434,33.71943060017473,homer
49.678969393496885,183.7906417639375,192.71740969616627,94.32921074619463,139.31618714277246,65.28399497579785,homer
59.90826320300064,152.7939789389621,160.60199251565965,66.40030120413611,101.51847122568385,35.369478367654786,homer
63.75735251718032,94.76813810558906,104.1633332799983,105.09043724335721,93.7709976485267,33.36165463522455,homer
73.87827826905551,106.49413129370087,114.86513831445988,223.4144131429304,122.02868515230344,21.213203435596427,homer
31.796226191169293,69.52697318307479,74.59892760623305,83.77947242612596,98.62048468751307,79.71198153351854,homer
82.28000972289685,93.68564457802486,103.23759005323593,123.97983707038819,80.72793816269557,21.213203435596427,homer
49.193495504995376,150.63532122314473,159.66214329013624,100.5087060905671,108.07867504739313,26.267851073127396,homer
43.289721643826724,69.6419413859206,78.10889834071403,34.249087579087416,53.85164807134504,51.70106381884226,homer
45.628938186199335,136.42213896578517,146.1642911247477,65.46754921333164,111.64676439557037,44.64302857109943,homer
57.07889277132134,95.94790253048787,104.80935072788114,66.40030120413611,106.1414151026827,99.40321926376429,homer
41.42463035441596,58.215118311311535,68.01470429252781,88.43641783790206,59.23681287847955,56.859475903318,homer
59.941638282582836,143.41896666759246,152.0855022676389,91.29074432821763,97.71898484941399,59.77457653551382,homer
112.0044641967453,176.3774361986249,185.86554279908904,223.34278586961344,171.985464502091,70.68238818828917,homer
54.53439281774392,148.4115898439202,156.78328992593566,81.5659242576212,100.42907945411031,52.182372502598994,homer
42.532340636273474,125.4830665866913,134.6142637315972,62.96824596572466,105.57461816175325,55.4346462061408,homer
40.01249804748511,117.77096416349829,127.07871576310488,71.65193647069142,98.3107318658548,36.89173349139343,homer
51.86520991955976,139.91783303067555,148.8959368149447,75.55130707009641,90.80198235721508,51.51698748956503,homer
107.40577265678041,69.82120021884471,79.64923100695951,180.96961070853857,71.58910531638176,36.193922141707716,homer
58.557663887829406,79.51100552753688,85.0235261559999,86.05230967266364,96.93296652842108,15.165750888103101,homer
29.58039891549808,100.36433629531956,106.29205050237765,65.49045732013177,107.39646176667088,30.886890422961002,homer
81.7129120763665,155.90702357494996,165.48111674750083,130.238243231395,122.21702009131134,58.90670590009256,homer
86.45808232895291,133.79461872586654,143.5060974314332,134.17153200288055,102.76672613253767,24.55605831561735,homer
45.81484475582123,87.73254812211943,97.06698717895802,189.14015967001825,89.9833317898376,40.45985664828782,homer
118.40608092492548,141.35770230164326,150.5755624263114,218.84012429168467,144.22898460434365,28.61817604250837,homer
160.0905993492435,135.29966740535616,143.85061696079026,231.93749157908906,145.55411364849843,54.8270006474912,homer
50.6458290484024,152.620444239951,161.0527863776346,81.2773031048644,104.89518578085459,19.6468827043885,homer
87.92610533851708,127.27136362905836,136.194713553794,116.53754759733019,89.09545442950498,26.095976701399778,homer
75.26619427073486,103.06308747558458,110.4943437466371,127.49117616525467,104.02403568406679,54.89990892524322,homer
52.79204485526205,72.56721022610694,76.87002016391045,74.51845409024533,97.12878049270464,73.824115301167,homer
47.52893855326458,71.84010022264724,80.16233529532433,128.47567863218313,48.28043081829324,24.269322199023193,homer
55.59676249567055,148.5260919838666,157.08278072405008,86.3075894692929,101.83319694480774,48.7134478352744,homer
69.49100661236676,95.23654760647301,102.7861858422619,133.27040181525678,97.06698717895802,27.820855486487112,homer
74.67931440499437,97.51410154434076,107.060730429042,59.90826320300064,93.74966666607408,68.21290200541243,homer
50.33885179461288,185.29166198186036,194.34505396330516,100.069975517135,141.99647882958226,62.297672508690084,homer
61.59545437773797,53.563046963368315,59.413803110051795,93.60555539069249,92.02716990106781,11.445523142259598,homer
67.89698078707183,144.23245127224317,152.73506473629428,86.6371744691619,97.2265395866787,52.09606511052442,homer
76.909037180295,133.21786666960253,139.72830779766855,97.19053451854249,98.6458311334037,21.18962010041709,homer
103.79306335203717,180.70141117323905,190.38382284217323,214.64854996016163,172.17142620074912,49.66890375275057,homer
73.28028384224504,129.34450123604017,138.58210562695314,113.75851616472501,90.27735042633894,70.57619995437555,homer
57.358521598799946,137.4918179383777,147.4143819306651,45.92385001282014,109.54451150103323,65.87108622149782,homer
49.68903299521938,128.33160171991932,138.2678559897419,35.958309192730404,107.18675291284833,44.339598554790726,homer
40.11234224026316,110.02272492535349,116.88455843266894,67.27555276621665,99.34284070832683,31.591137997862628,homer
95.29428104561154,130.0076920801227,139.5886814895821,127.66753698571928,96.44687656943589,14.352700094407323,homer
71.09149034870488,166.57730937915883,174.47922512436833,61.814237842102365,115.57681428383462,53.98147830506312,homer
39.57271787481876,122.39689538546311,127.52254702600635,56.08029957123981,109.5627673984187,45.16635916254486,homer
127.33420593069248,106.42368157510809,116.36580253665593,166.7243233604503,92.6066952223218,23.958297101421877,homer
47.095647357266465,66.70832032063167,74.08778576796583,41.38840417314975,43.01162633521314,12.68857754044952,homer
62.14499175315739,115.2128465059344,124.93598360760602,71.596089278675,89.07300376657341,24.515301344262525,homer
55.14526271584895,154.96451206647282,163.76812876747417,53.83307533477908,103.21337122679407,17.46424919657298,homer
55.362442142665635,139.3628357920432,148.62368586466962,58.35237784358063,100.00999950005,34.77067730142742,homer
124.51505933018704,131.32402674301454,141.0,132.30646242719968,99.62931295557549,25.475478405713993,homer
72.39475119095306,136.66747967237853,142.88806808127822,151.50907563575194,115.31695452100702,25.495097567963924,homer
52.44044240850758,96.58674857349739,106.38608931622592,59.06775770248944,80.30566605165541,24.919871588754223,homer
67.12674578735364,98.12746812182611,107.73114684249862,34.45286635390443,68.54925236645546,110.64809081046089,homer
39.153543900903784,157.01273833673497,164.79684462998677,63.608175575157006,105.60776486603625,37.389838191679836,homer
88.57764955111419,61.212743771211564,71.02112361825881,170.65169205138284,66.61080993352356,53.59104402789705,homer
47.686476070265456,98.91915891272023,108.78419002777932,62.96824596572466,88.0056816347672,56.74504383644443,homer
70.22107945624305,167.58878244083044,177.49647883831386,163.8932579455299,143.79151574414954,9.219544457292887,homer
23.790754506740637,50.368641037852115,58.90670590009256,52.94336596779619,69.76388750635962,72.11795892841117,homer
61.39218191268331,112.29425630903836,121.33012816279393,85.54530963179688,99.16148445843275,15.362291495737216,homer
65.4217089351845,107.07007051459338,115.97844627343478,212.48294049170158,116.93587986584785,38.19685850956856,homer
87.64131445842195,99.5238664843765,107.19141756689292,163.7864463256957,120.31209415515964,50.85272854036448,homer
106.50821564555478,73.93240155709809,83.14445261110329,82.58934555982388,86.6371744691619,48.010415536631214,homer
81.01851640211638,128.87590930814028,138.74436925511608,85.05880318932309,98.15294188153507,52.49761899362675,homer
58.9915248150105,111.33283433021904,116.22392180614109,79.76214641043707,100.48382954485761,60.34898507845845,homer
81.7129120763665,117.40953964648699,125.91266814741081,100.58826969383657,97.82126558167197,33.66006535941367,homer
65.12296062065974,130.46838697554284,137.93114224133723,93.57350052231668,95.42012366372201,81.69455306200041,homer
50.695167422546305,106.4377752492037,116.31852818876277,52.009614495783374,97.25739046468397,24.1039415863879,homer
59.62382074305537,123.17061337835418,132.07573584879245,89.63258336118624,105.80642702596096,80.0874522007037,homer
59.33801479658719,140.70181235506527,149.23136399564268,88.91569040388767,94.00531899844816,75.69015788066504,homer
47.644516998286385,126.3210196285638,135.5949851580065,126.31706139710502,92.17917335276988,78.91134265744057,homer
60.728905802755904,140.5560386465128,149.32849694549262,87.32124598286491,99.88993943335835,37.134889255254286,homer
70.09992867328754,102.72292830717006,104.20652570736632,110.03635762783135,96.15092303249095,37.68288736283355,homer
25.729360660537214,54.286278192559855,59.262129560116215,39.44616584663204,85.63293758829018,71.65193647069142,homer
75.96051605933177,140.53469322555196,149.53594885511643,102.37675517420935,98.08159868191383,69.0,homer
99.94498486667553,116.72617529928752,123.40988615179904,121.89749792346026,94.13819628609845,53.9351462406472,homer
44.82186966202994,61.424750711744856,64.82283548256741,84.95292814258964,99.22701245124736,39.370039370059054,homer
33.734255586866,143.43639705458304,153.0261415575783,130.76314465475355,110.78808600206071,69.13031173081747,homer
72.42237223399962,149.20455757114124,157.54681843820268,80.38034585643433,100.9554357129917,14.7648230602334,homer
46.2709412050371,128.00781226159597,137.4954544703206,94.66255859631093,85.34635317340748,23.706539182259394,homer
48.60041152089147,132.29512462672236,137.3644786689776,209.93570444305084,166.4692163734785,23.958297101421877,homer
85.00588214941364,141.315250415516,150.17656275198203,97.66780431646859,97.41663102366043,46.14108798023731,homer
80.2807573457052,127.53038853543887,137.4445342674637,80.40522371090077,99.4786409235671,37.57658845611187,homer
73.84443106964804,149.53929249531708,158.31929762350515,92.41753080449618,104.60401521930217,24.041630560342615,homer
66.70082458260917,129.60709857102736,138.33654614742989,132.84953895290718,113.48127598859647,31.654383582688826,homer
68.42514157822401,79.93747556684536,88.3911760301898,101.7742600071354,95.9218431849597,61.514225996918796,homer
97.205966895042,79.96874389409902,87.88629017087932,127.75366922323602,87.71544903835355,44.654227123532216,homer
30.0,38.28837943815329,46.78675026115834,51.478150704935004,62.976185975335156,77.22046360907191,homer
79.46068210127572,103.4842983258813,110.62549434917794,100.48880534666536,92.62289133902051,27.60434748368452,homer
108.816359064251,100.20977996183805,107.29864864013899,116.49892703368559,75.34586916347837,72.86288492778748,homer
41.340053217188775,147.56693396557372,155.2127572076471,67.0,95.73922915921143,63.631753079732135,homer
68.36665854054884,105.6882207249228,107.09341716464182,117.57976016304848,96.54014708917737,35.22782990761707,homer
76.68767828015137,84.91760712596653,92.04346799203081,141.8097316829843,113.14150432091665,41.54515615568198,homer
61.91930232165088,147.83098457360012,155.746589047722,73.19152956456095,97.59098319004681,49.9799959983992,homer
70.58328414008518,142.96153328780437,151.76626766182267,95.39916142189091,98.47842403288143,65.55150646628954,homer
103.11643903859365,133.88801290630914,143.39107364128355,123.13001258832064,98.56977224281286,74.79304780526061,homer
62.8410693734599,147.04421103872127,155.43809056984713,82.62566187329455,99.20685460188726,62.37788069500277,homer
58.86425061104575,106.94391053257777,116.14645926587689,206.3879841463645,113.65298060323803,44.384682042344295,homer
69.54854419756032,115.04347004502254,123.17467272130257,158.42979517754858,131.24404748406687,47.51841748206689,homer
64.42049363362563,139.3341307792172,148.93287078412206,127.01574705523721,105.4229576515476,60.61352984276695,homer
35.84689665786984,156.41291506777821,165.98192672697832,154.74818254183148,137.09121051329294,69.38299503480663,homer
72.26340706055866,149.28496240412161,157.4325252290644,75.65051222562872,99.82985525382675,35.62302626111375,homer
64.03124237432849,111.57508682497182,120.14158314255727,86.14522621712709,99.65942002640794,23.108440016582687,homer
71.37226352022192,113.00442469213318,122.39689538546311,125.23178510266473,77.6530746332687,56.08029957123981,homer
59.06775770248944,100.09995004993759,109.95908329919816,125.76963067449948,93.43446901438462,36.701498607005135,homer
106.48474069086143,157.62296786953354,167.49328344742662,188.43035848822237,144.37797615980077,46.58325879540846,homer
62.80127387243033,141.30109695257147,151.06621064950295,139.15818337417315,111.83022847155415,43.382023926967726,homer
21.93171219946131,168.3181511305302,174.91712323268982,35.6931365951495,113.22985472038724,69.63476143421474,homer
56.05354582896607,121.88929403356146,131.00381673829202,83.18653737234169,95.77577981932593,72.5120679611332,homer
123.69721096289923,63.835726674018524,72.13875518748573,159.116309660575,50.48762224545735,60.489668539346454,homer
63.75735251718032,104.94284158531252,112.73863579093016,80.38034585643433,100.9554357129917,7.211102550927978,homer
82.68615361715648,126.77933585565118,136.69674465765453,79.21489758877429,99.86991538997117,39.824615503479755,homer
64.16385275215322,115.987068244697,125.06798151405499,117.49893616539683,77.28518616138541,64.10148204214939,homer
78.67019766086774,143.78803844548406,152.3285921946369,87.78382538941898,97.082439194738,27.60434748368452,homer
73.46427703312679,113.6001760562016,121.84416276539471,110.83771921146699,111.11255554616679,6.164414002968976,homer
73.46427703312679,93.33809511662427,103.00970828033637,144.2809758769326,67.24581771381771,18.24828759089466,homer
72.29107828771127,149.28496240412161,157.4325252290644,75.65051222562872,99.82985525382675,36.49657518178932,homer
62.0644825967316,129.31357237351384,138.1195134656939,101.36567466356647,85.45174076635303,51.97114584074513,homer
61.106464469808756,145.4750837772572,153.9090640605679,84.32081593533118,97.94386147176351,41.58124577258358,homer
107.98611021793498,87.54998572244315,97.35502041497398,151.4067369703211,66.06814663663572,41.617304093369626,homer
60.83584469702052,116.71332400373147,125.98809467564783,80.94442537939224,92.30926280715278,18.49324200890693,homer
93.39700209321497,128.12493902437572,133.33791658789335,121.30127781684742,94.02659198333204,54.99090833947008,homer
60.21627686929839,79.50471684120383,85.12343978012167,145.4750837772572,109.1833320612629,73.45066371381542,homer
77.85884663928692,138.97841559033546,147.85127662620977,216.7256330017287,141.58036587041298,30.215889859476256,homer
63.0,64.19501538281614,73.71566997592845,102.32301793829187,69.93568473962345,84.71717653463199,homer
108.23123393919151,71.67286794875729,81.17881497040962,177.7273192280804,79.47955712005447,6.4031242374328485,homer
68.33008122342603,158.09490820390135,167.88388844674762,142.10207598765052,128.195163715329,10.246950765959598,homer
57.784080852774665,119.6703806294607,129.1743008496659,127.49117616525467,85.7962703152066,33.91164991562634,homer
90.43782394551519,137.5027272456805,146.56056768449008,105.15702544290609,95.79665964948882,42.21374183841087,homer
58.172158288995945,114.5512985522207,121.82364302548172,83.73171442171717,97.45768312452333,42.720018726587654,homer
27.0,86.51589449343976,92.16289925995167,151.85848675658534,113.24751652906124,38.118237105091836,homer
78.9746794865291,109.95453605922768,118.17360111293893,101.04949282406122,92.61749294814668,27.676705006196094,homer
98.47842403288143,130.82430966758434,138.57849761056005,108.76580344942982,98.91915891272023,55.85696017507576,homer
72.29107828771127,149.28496240412161,157.4325252290644,75.65051222562872,99.82985525382675,35.73513677041127,homer
81.03085831953157,138.59292911256333,147.63807097087118,102.25947388873072,96.05206921248495,50.0199960015992,homer
62.52199612936234,141.8767070381886,150.68510211696443,95.94790253048787,97.46281342132495,61.56297588648554,homer
77.9615289742319,95.02105029939419,103.97114984456024,190.42321287070018,102.61091559868278,32.202484376209235,homer
100.65286881157436,129.0929897399545,136.7845020461017,98.84836872705588,97.02576977277738,55.89275444992848,homer
24.919871588754223,140.71602609511115,148.85563476066332,34.20526275297414,124.23767544509194,40.01249804748511,homer
48.08326112068523,139.4596715900335,147.72271321635003,87.60136985230311,92.19002115196633,23.53720459187964,homer
69.95712972957081,134.21624342828255,143.61406616345073,118.47784603038663,97.18024490605073,47.47630988187688,homer
54.01851534427802,129.1239714383042,137.7171013345837,96.43650760992955,83.38465086573187,31.20897306865447,homer
108.4850220076486,104.58011283222064,111.2924076476019,148.6102284501306,94.62557793746889,25.0,homer
71.02816342831905,150.2165104108067,158.41085821369697,76.26270385975047,101.01980003939822,4.47213595499958,homer
65.86349520030045,110.11811840019789,117.93642355099632,83.28265125462805,100.08496390567366,5.0990195135927845,homer
55.04543577809154,117.51595636338071,125.01599897613104,107.48488265798126,102.42070103255493,27.2213151776324,homer
60.96720429870473,113.82881884654694,123.15031465652046,128.30432572598633,80.10617953691214,73.83088784512888,homer
72.04165461731151,123.3774695801466,133.2103599574748,156.3361762357005,102.4792661956554,23.043437243605826,homer
60.44832503882965,83.10234653726692,92.89241088485109,83.15046602394962,64.5445582524197,28.442925306655784,homer
86.4060183089118,107.59182125050212,115.77132632910448,96.18211892030659,88.91569040388767,80.19975062305369,homer
43.474130238568314,129.04650324592293,138.2967823197633,101.6021653312566,92.89779329994873,68.8839603971781,homer
66.85057965343307,65.3299318842443,74.42445834535849,195.57862868933302,81.59656855530139,55.25395913416522,homer
81.36952746575342,139.15459029439165,147.9019945774904,95.2732911156112,94.30800602281866,35.07135583350036,homer
58.7962583843564,106.1178590059185,115.45561917897284,101.13851887386922,89.02808545621994,25.25866188063018,homer
98.2089608946149,77.74959806970065,83.58229477586745,95.29428104561154,95.48821916864928,32.155870381627054,homer
97.37042672187485,104.3982758478319,110.47171583713181,107.39646176667088,93.15041599477696,54.18486873657626,homer
110.0272693471941,123.62847568420473,131.64725595317208,109.96817721504708,104.70912090166739,45.0,homer
63.914004725099176,104.8713497576912,110.80162453682708,95.46203433826454,92.46621004453465,35.369478367654786,homer
32.57299494980466,51.78802950489621,61.554853586049575,142.35167719419397,46.49731175025068,73.15736463268753,homer
76.11175993235211,123.58802530989804,133.51029922818688,172.6644143997251,110.01818031580054,47.47630988187688,homer
109.74515934655159,88.11356308764276,97.95407086997457,152.85614151874958,67.63135367564367,41.27953488110059,homer
60.868711174132805,145.18264359075434,153.58710883404245,83.73171442171717,97.45768312452333,39.67366884975475,homer
71.02816342831905,82.03048213926333,91.92388155425118,161.74671557716403,67.88961628997471,46.73328578219169,homer
55.68662316930342,135.08515832614626,143.06292321912062,86.21484790916237,100.46890066085126,69.54135460285484,homer
64.56779382943171,131.7459676802292,141.088624630053,87.98863562983574,97.42176348229383,38.3275357934736,homer
88.05679985100527,134.9666625504239,144.3433406846329,117.30728877610291,97.49871794028884,66.06814663663572,homer
113.12824580978881,126.76750372236569,135.95955280891445,128.97674208941703,112.32987136109433,45.18849411078001,homer
63.20601237224193,128.37834708392222,138.28231991111517,151.33406754594287,104.74254150057655,38.02630668366309,homer
75.13321502504735,139.46325680981354,148.48905683584903,103.4842983258813,97.3139250056229,28.178005607210743,homer
137.26616480400406,165.87043136134903,174.5336643745269,248.6684539703418,174.16371608345983,19.672315572906,homer
132.74788133902553,85.91856609604235,94.72592042308166,90.0499861188218,100.40916292848975,35.79106033634656,homer
82.00609733428362,141.14531518970085,150.00333329629711,97.67804256842989,97.22139682189307,48.187135212627034,homer
56.753854494650845,105.70714261581381,115.0173899895142,125.75372757894694,110.69778678907723,59.21148537234985,homer
60.11655346075655,110.93241185514718,117.90250209389112,84.90583018850944,97.86725703727473,86.72369918309528,homer
60.423505360083176,111.48542505637228,119.7914855071094,108.12030336620407,84.45708969648433,55.82114294781145,homer
104.03845442911962,132.49150916190817,142.43946082459033,165.90660023037057,114.60366486286553,52.43090691567332,homer
79.94998436522674,127.47941010218082,137.41906709041507,159.43023552638942,107.42904635153381,12.041594578792296,homer
126.44366334458995,56.69215113223346,61.326992425847855,142.81806608409175,100.16985574512923,29.393876913398138,homer
77.54353615872827,73.35529974037323,83.07827634225448,98.1936861514018,73.83088784512888,15.905973720586866,homer
83.7973746605465,65.86349520030045,75.26619427073486,193.8530371183284,78.08969202141856,71.61703707917552,homer
69.31089380465383,78.57480512225277,86.76981041814025,98.85848471426213,96.26006440887103,60.71243694664216,homer
72.34638899074369,87.46999485537883,97.28309205612247,161.04036761011196,72.53275122315436,86.90799733051038,homer
71.87489130426563,143.78803844548406,152.3285921946369,87.78382538941898,97.082439194738,58.69412236331676,homer
60.64651680022522,143.94790724425278,151.7300233968215,89.09545442950498,100.29456615390487,32.264531609803356,homer
96.89685237405806,121.15279608824552,130.70960178961604,198.32549004099297,120.07497657713701,52.88667128870941,homer
56.542019772908716,130.5565011786085,139.0323703315167,95.88534820294495,92.50405396521819,41.08527716834828,homer
64.52131430775415,142.27438279606065,151.54207336578182,133.7497663549361,110.64357188738983,35.93048844644336,homer
70.45565981523414,96.0728889958036,103.77379245262264,92.32009532057471,102.14695296483396,23.108440016582687,homer
82.42572413997951,91.89668111526117,100.5087060905671,124.04031602668546,103.52294431670691,34.72751070837067,homer
53.103672189407014,57.52390807307862,62.72160712226688,63.12685640834652,91.15371632577578,43.197222132910355,homer
75.52483035399682,142.81106399715674,151.71025014810306,98.37682653958706,99.22197337283713,41.060930335295616,homer
59.2452529743945,132.43866504914644,139.52419145080182,94.11163583744573,92.9623579735368,43.8520238985614,homer
66.58828725834597,137.38267721950973,146.70037491431302,80.36790404135223,98.13256340277675,58.40376700179535,homer
39.64845520319802,88.91569040388767,98.2089608946149,170.859591477915,79.91245209602819,62.80127387243033,homer
79.3536388579629,112.4144118874444,115.00434774390054,132.14386100004796,99.68450230602548,67.38694235532579,homer
89.3364427319557,81.85963596303125,90.07774419910837,214.1494805036893,101.29659421717987,58.44655678480983,homer
111.60645142642964,143.7428259079388,152.47622765532992,93.1074647920348,98.60020283954795,17.4928556845359,homer
35.45419580247167,65.54387843269576,70.78841713161836,33.06055050963308,101.91172650877817,68.9129886160802,homer
67.67569726275453,129.10073586157438,137.02554506368512,119.858249611781,114.17968295629481,6.48074069840786,homer
40.91454509095757,146.50938536489735,154.395595792108,71.79136438319027,95.73400649716902,59.841457201508724,homer
79.1580697086532,118.536914081648,127.07478113300058,95.93747964169165,97.65756499114649,46.95742752749558,homer
28.861739379323623,113.01769772916099,122.8576411950026,51.633322573702344,104.70434565957613,30.083217912982647,homer
52.3450093132096,99.23708984044222,109.15585188161009,31.591137997862628,88.30628516702534,27.874719729532707,homer
73.21885003194191,148.58667504187582,158.01582199260935,117.66477807738389,111.2564604865713,24.758836806279895,homer
77.73673520286275,73.48469228349535,81.11103500757464,119.73721226085064,93.68030742904295,56.089214649520635,homer
61.032778078668514,85.98837130682264,95.46203433826454,84.4393273303382,90.18869108707588,20.83266665599966,homer
71.58212067269312,127.33027919548437,137.10579856446626,79.8373346248483,100.34440691936945,10.392304845413264,homer
57.99137866959192,133.93655214316965,141.22322755127783,83.17451532771321,98.12746812182611,45.19955751995809,homer
57.0701322935211,148.91944130972288,157.23231220076872,79.76214641043707,100.48382954485761,13.74772708486752,homer
85.74380444090407,67.23094525588644,76.5963445602987,194.65096968677037,79.56129712366435,72.56721022610694,homer
74.89325737341113,138.61096637712328,146.49914675519446,100.64790112068906,98.23950325607312,72.35329985563892,homer
108.90821823902914,133.47658970770868,142.95104056983985,121.95490970026586,97.70363350459388,51.35172830587107,homer
59.77457653551382,106.58799181896617,116.52467549836815,114.35471131527551,92.76852914647294,18.16590212458495,homer
74.41102068914255,141.7250859939764,150.6685103132038,100.05498488331304,98.62048468751307,55.11805511808268,homer
108.16191566350885,89.19080670113932,98.812954616285,139.37718608151047,75.13321502504735,32.95451410656816,homer
58.86425061104575,121.18580774991764,128.93796958227628,90.24411338142782,97.75990998359194,62.8410693734599,homer
46.62617290749907,95.88013350011565,105.78279633286313,25.019992006393608,82.90355842785037,31.080540535840107,homer
54.24020648928247,61.97580172938467,64.91532946846992,67.21606950722423,102.66937225872184,41.15823125451335,homer
34.88552708502482,101.28178513434683,105.56988206870366,64.52131430775415,98.72183142547549,67.1341939699882,homer
106.27323275406654,143.75326083258076,153.01633899685353,70.26378868236469,122.93900926882402,27.09243436828813,homer
149.63956696007912,103.0824912388132,112.84059553192725,143.20963654726592,76.72027111526653,52.306787322488084,homer
69.58448102845921,100.00499987500625,107.63828315241747,76.32823854904552,102.34744745229361,48.05205510693585,homer
90.27735042633894,133.99626860476377,143.70803735351757,134.1864374666829,102.9805806936434,59.14389233048498,homer
62.00806399170998,107.4569681314339,115.67194992737004,64.8074069840786,100.74224535913422,39.824615503479755,homer
57.34980383575867,144.07289821475794,153.19921670818033,105.63143471523995,102.84454287904633,51.720402163943,homer
83.01204731844649,141.6827441857335,150.5091359353312,96.51424765287247,97.43715923609432,36.565010597564445,homer
113.17685275708986,157.4388770285154,167.17655337995217,200.51433863941003,148.85227576359054,14.730919862656235,homer
128.22636234409833,82.09750300709517,87.28688332160795,156.0192295840484,101.73003489628813,43.94314508543966,homer
56.04462507680822,137.30986854556377,145.8800877433243,84.39194274336857,99.12113800799504,35.07135583350036,homer
68.7386354243376,84.32081593533118,94.15412895885129,161.0248428038357,69.42621983083913,70.5620294492725,homer
64.04685784642366,104.58967444255671,112.46332735607639,79.15175298121956,100.0199980003999,7.211102550927978,homer
83.31266410336426,71.2460525222275,81.0617048920142,171.50218657498218,65.46754921333164,72.07634840916957,homer
58.111960903070546,120.80976781701055,128.40560735419618,92.44457799135652,92.96773633901172,28.653097563788805,homer
70.74602462329597,148.7111293750404,158.46766231632245,79.8373346248483,101.82828683622247,22.293496809607955,homer
98.45811292118086,104.9952379872535,114.59057552870567,119.61187232043481,96.77809669548166,28.91366458960192,homer
60.71243694664216,71.89575787207477,81.17881497040962,84.91760712596653,83.71977066380438,14.696938456699069,homer
78.33900688673555,141.43196244130957,150.42606157179014,101.83319694480774,98.85848471426213,30.59411708155671,homer
57.62811813689564,115.28659939472584,122.5724275683565,83.73171442171717,97.45768312452333,42.05948168962618,homer
113.82881884654694,143.75673897247393,152.44999180059014,91.89668111526117,98.26494797230598,39.0,homer
74.81310045707235,131.35067567393781,140.14991972883894,85.01176389182852,99.62931295557549,14.177446878757825,homer
56.32938842203065,106.82228231974825,113.47246362003426,109.1833320612629,93.39164844888434,50.37856687124,homer
93.31666517830564,123.61634196173254,133.5440002396214,159.52429282087414,104.12012293500234,26.551836094703507,homer
69.38299503480663,130.080744155313,135.87494250228775,108.90821823902914,93.96807968666806,45.89117562233506,homer
78.70196947980399,147.04421103872127,155.43809056984713,82.62566187329455,99.20685460188726,50.21951811795888,homer
99.04039579888602,119.1217864204529,125.22379965485794,159.04087524910065,125.74975149080812,23.790754506740637,homer
63.03967004989794,146.94216549377512,154.64475419489662,82.09750300709517,100.6429331846007,63.671029518926424,homer
60.94259594077036,91.64060235506966,100.50373127401788,206.41947582532032,103.14068062602651,41.15823125451335,homer
54.53439281774392,143.33875958721003,152.2136656151477,206.15770662286675,140.19985734657507,78.93034904268447,homer
71.90966555338719,152.39422561238993,160.707809393321,78.21125238736431,103.89417693018218,16.401219466856727,homer
80.26830009412184,142.60785392116384,151.38692149588087,94.79451460923254,97.91322688993556,58.008620049092706,homer
72.69800547470336,115.1911454930456,124.84390253432484,192.27584351654787,112.6454615153225,54.46099521676041,homer
57.06137047074842,101.09401564880089,104.58967444255671,239.44310388900325,141.315250415516,20.12461179749811,homer
75.61745830163825,139.49910393977447,147.38724503836823,98.91915891272023,98.42763839491425,71.596089278675,homer
134.32423459673984,139.48835076808385,148.97650821522163,206.93477233176642,137.6844217767573,34.88552708502482,homer
64.02343321003646,138.66866985732574,147.34313692873516,93.54143466934853,93.2148056909416,14.89966442575134,homer
50.566787519082126,107.41042779916668,113.7453295744489,112.1338485917611,93.62157870918435,51.088159097779204,homer
72.29107828771127,149.54263606075693,157.72127313713898,76.249590162833,100.26464980241042,36.49657518178932,homer
51.56549233741495,132.0,141.79915373513342,78.33900688673555,93.8829057922687,80.56674251823763,homer
64.42049363362563,145.25150601628886,153.70426148939399,84.90583018850944,97.86725703727473,29.46183972531247,homer
28.30194339616981,174.62531317080007,181.82684070290614,41.72529209005013,120.9297316626478,76.16429609731846,homer
64.07027391856539,122.05326705991938,131.4610208388783,92.44457799135652,97.43202758846806,17.029386365926403,homer
25.179356624028344,86.44651525654461,95.23654760647301,45.0,88.95504482602435,60.70420084310476,homer
77.06490770772389,122.28654872879518,132.23085872821065,166.8921807635097,106.27323275406654,45.18849411078001,homer
75.82216034906945,133.7460279784039,143.06292321912062,86.75252157718529,98.45303448853164,29.5296461204668,homer
22.045407685048602,71.14773362518304,78.49203781276162,35.832945734337834,99.508793581271,70.11419257183242,homer
72.75987905432498,113.05308487608819,122.89019488958425,149.81989187020528,89.9499861033897,21.42428528562855,homer
52.38320341483518,79.91245209602819,89.02246907382428,85.56284240252891,84.30895563343196,65.95452979136459,homer
60.440052945046304,119.85407794480753,128.56904759700134,107.78218776773832,82.48636250920512,46.52956049652737,homer
91.89668111526117,94.13819628609845,102.57192598367256,131.60927019021113,106.34848376916335,35.70714214271425,homer
71.4142842854285,149.54263606075693,157.72127313713898,76.249590162833,100.26464980241042,36.68787265568828,homer
70.14271166700073,148.45201244846766,152.9215485142627,192.86523792534516,171.81967291320282,47.47630988187688,homer
83.8212383587835,94.93682109698007,104.45094542415593,86.02906485601247,91.44943958275523,28.91366458960192,homer
84.60496439334987,81.27115109311545,90.52071586106685,119.6202324023825,87.83507272155013,69.0724257573165,homer
65.3834841531101,123.63656417096037,131.56367279762298,80.88263101556477,99.49371839468057,8.48528137423857,homer
130.98854911785227,122.61321299109652,132.33669181296622,136.94889557787604,93.02687783646186,29.410882339705484,homer
23.430749027719962,150.4460036026215,159.84054554461454,115.52056094046635,112.44554237496477,20.808652046684813,homer
54.59853477887479,103.07764064044152,111.3822247937255,89.25245094673872,102.25947388873072,32.46536616149585,homer
82.95179322956196,65.79513659838392,75.2994023880668,187.92551716038992,73.81734213584231,56.789083458002736,homer
34.23448553724738,168.43099477233991,175.86926962946086,50.25932749251625,115.53787257864843,61.47357155721473,homer
65.6505902486794,54.8270006474912,64.56779382943171,185.78751303572585,64.69930447848725,25.019992006393608,homer
80.82697569499925,144.62019222777985,153.50570021989412,97.3139250056229,100.82162466455298,31.416556144810016,homer
77.80102827083971,131.91285001848757,136.93063937629154,142.18298069740976,144.53719244540486,40.01249804748511,homer
69.59885056522126,155.80115532305913,165.47205202087753,201.3876858201613,147.96621235944374,66.11353870426238,homer
73.76313442364011,101.39033484509261,111.33283433021904,124.83589227461788,88.60022573334675,39.01281840626232,homer
75.06663706334525,144.48529336925608,152.8757665557233,83.71977066380438,96.67471230885562,40.422765862815474,homer
62.3377895020348,52.61178575186362,62.056425936400814,166.35804759614126,68.97825744392213,64.31174076325411,homer
69.31810730249349,136.0367597379473,145.1240848377691,107.0,94.847245611035,44.48595283907045,homer
86.35971282953643,140.65560778013793,149.62285921609705,101.17806086301516,97.84681905918046,53.46026561849464,homer
96.39502061828712,141.5132502630054,150.29637387508723,95.33624704172071,96.88137075826292,18.708286933869708,homer
72.72551134230683,145.33065746772084,153.88957079672423,88.04544281222056,98.79777325425913,56.515484603779164,homer
87.46427842267951,130.80137613954986,140.53469322555196,137.81872151489435,101.28672173587218,45.221676218380054,homer
79.23383115816122,142.0176045425355,149.95332607181476,209.57337617168838,157.92086625902226,51.62363799656123,homer
93.65361712181756,83.12039460926542,93.00537618869137,156.7801007781281,65.49045732013177,61.1310068623117,homer
84.86459803710851,126.10313239567049,135.56179402766844,123.03251602726817,90.62008607367353,17.146428199482248,homer
71.30918594402827,108.6876257906115,118.48206615349008,108.16653826391968,88.7862601982987,21.748563170931547,homer
41.30375285612676,151.51237573214937,160.60510577189007,51.78802950489621,99.37303457175895,81.69455306200041,homer
63.26926584053272,131.88631468048533,140.00357138301865,93.49331526906082,88.73556220591607,80.11242100947892,homer
114.9130105775669,130.64072871811456,140.48487463068756,183.63550854886427,120.73524754602526,25.98076211353316,homer
68.85491994040804,119.33147112141039,127.51078385768005,104.69479452198185,95.67653839891993,47.44470465710583,homer
67.90434448545984,77.23988606931007,87.06893820416096,160.5584005899411,62.49799996799898,51.03920062069938,homer
72.55342858886821,133.99253710561644,143.61406616345073,128.95347998406248,100.91580649234291,54.46099521676041,homer
71.596089278675,135.21834195108295,144.45414497341363,86.6371744691619,97.2265395866787,38.41874542459709,homer
72.09715667070374,146.11296999240005,154.69324484281788,87.92041856133307,99.64436762808022,48.47679857416329,homer
52.172789842982326,113.0,120.3577999134248,91.85858696931932,60.73713855624086,33.66006535941367,homer
75.8814865431615,144.93446795017394,153.95129099815955,101.53324578678651,102.44998779892558,60.94259594077036,homer
79.58014827832379,124.29400629153443,134.02238618977054,137.60087209025966,95.02105029939419,66.18912297349165,homer
71.386273190299,117.87281281109738,124.3583531573171,97.08758932015976,95.08417323613851,44.40720662234904,homer
75.73638491504595,144.53027364535086,153.52524222420234,100.88607436113271,101.82828683622247,69.58448102845921,homer
48.36320915737499,94.51983918733676,104.12012293500234,96.59710140578754,89.61026726887941,73.7563556583431,homer
70.09992867328754,163.77118183612157,171.97092777559817,207.2920644887305,160.52725625263767,42.906875905849866,homer
80.95060222135473,144.42298985964803,152.9869275461142,88.61715409558128,97.96938297243685,61.56297588648554,homer
121.45781160551181,129.22074136917803,139.12943613772032,176.12779451296151,116.26693425045661,22.11334438749598,homer
108.12030336620407,125.66622457924007,135.5101472215273,144.94481708567574,99.508793581271,13.892443989449804,homer
91.8313671900838,128.07810117268292,137.93839204514455,146.11296999240005,102.24480426897007,76.2299153875957,homer
86.83893136145792,100.84145972763385,108.83933112620639,75.70336848516055,101.36074190730847,29.223278392404914,homer
116.9829047339824,120.60679914499016,130.54118124178285,160.0843527644098,101.7152889196113,63.40346993658943,homer
60.382116557802114,91.2414379544733,99.9499874937461,210.55640574439906,105.04760825454333,56.52433104425032,homer
72.60853944268538,148.30711378757258,157.81001235663092,76.97402159170326,103.00485425454472,41.701318923986086,homer
117.35842534730942,98.92926766129425,108.55413396089529,109.77249200050075,96.00520819205592,42.532340636273474,homer
68.59300255857006,123.72146135574054,128.90306435457614,101.17806086301516,88.90444308357148,40.85339643163099,homer
72.42927584892728,140.77286670377924,149.60614960622442,97.06698717895802,96.62815324738438,28.053520278211074,homer
55.794264938253285,101.25709851659784,109.31605554537722,126.63727729227283,89.02808545621994,3.0,homer
77.44029958619737,133.45036530485783,143.05942821079637,128.33549781724463,100.14489502715553,54.93632677928149,homer
68.38859554048467,74.14849964766651,83.81527307120105,151.68717810019407,52.230259428802384,76.71375365604267,homer
68.95650803223725,165.21501142450705,174.86852203870197,206.18680850141698,157.11779020849295,29.29163703175362,homer
69.79971346646059,110.51696702316798,120.2705283932851,186.1746491872618,105.99056561788883,2.23606797749979,homer
86.70640114778148,138.83803513446884,147.8208375027012,102.25947388873072,96.26006440887103,46.69047011971501,homer
132.43111416883875,124.28193754524428,133.9290857132983,194.72288001156926,120.77251342917394,34.713109915419565,homer
100.70749723828906,127.81627439414747,137.70257804413103,149.00335566691106,103.23274674249446,41.0,homer
105.16653460107925,116.34431657799189,124.20547491958638,126.38037822383663,87.960218280766,49.9799959983992,homer
64.08587988004847,112.40106761058811,122.11879462228572,186.36254988596824,107.58252646224665,19.621416870348583,homer
60.572270883631234,142.24626532883033,151.07944929738127,96.56603957913983,98.05100713404222,38.09199390948182,homer
69.81403870282824,165.21501142450705,174.86852203870197,206.18680850141698,157.11779020849295,27.910571473905726,homer
71.7007670809734,86.35971282953643,96.13012014972206,181.95878654244757,84.8999411071645,62.77738446287803,homer
74.43789357578571,147.15298162116866,156.323382767902,106.6255128944288,106.3202708800161,44.41846462902562,homer
52.009614495783374,75.53145040312677,85.19389649499546,153.16004700965587,55.09083408335728,70.50531894828929,homer
103.81233067415451,107.4569681314339,117.37120600896968,159.3298465448329,89.6493167849036,57.8013840664737,homer
61.71709649683789,122.06145992900461,131.86356585501545,180.7484439767048,112.55665240224586,28.178005607210743,homer
71.30918594402827,148.78844041120936,157.02547564010115,77.9807668595276,99.88993943335835,37.815340802378074,homer
103.54226190305097,104.1393297462587,112.80957406177899,132.7893067984015,106.36728820459794,87.69834662067467,homer
79.93122043357026,144.4818327679989,152.34172114033635,208.1177551291576,161.01242188104618,59.48949487094339,homer
62.80127387243033,126.44366334458995,136.24610086163935,151.80579699076054,103.23759005323593,36.45545226711637,homer
146.181394164921,163.32482971061074,172.29045243425418,236.83327468917875,167.64545922869488,32.77193921634788,homer
66.30987860040162,134.5399568901373,143.52003344481216,104.03845442911962,92.20086767487604,40.01249804748511,homer
105.8772874605314,126.35268101627285,136.3011371926148,163.99390232566574,108.4665847162157,50.07993610219566,homer
69.28924880528002,158.16763259276533,166.96706262014672,90.97252332435328,113.21219015636082,49.24428900898052,homer
55.66866263886712,146.65265084545862,154.81601984290901,77.3692445355388,97.3498844375277,32.01562118716424,homer
68.8839603971781,105.91506030777681,115.58979193683152,138.34377470634522,76.9285382676676,69.76388750635962,homer
72.09715667070374,128.96898852049665,137.5281789307195,88.91569040388767,95.37819457297354,57.41080037762929,homer
63.37191807101944,146.2908062729849,155.15798400340216,98.26494797230598,102.76672613253767,83.52843827104634,homer
118.66338946785567,126.01587201618692,135.9521974813206,158.8489848881635,105.8772874605314,31.76476034853718,homer
115.27792503337315,127.14558584551806,137.05838172107534,174.95999542752622,114.04385121522334,34.08812109811862,homer
72.13875518748573,122.20065466273084,131.41537200799607,88.41379982785493,98.1936861514018,27.80287754891569,homer
63.02380502635492,70.14271166700073,78.65748533992172,101.87246929372037,88.60022573334675,43.04648650006177,homer
56.4003546088143,137.8259772321604,144.2601816164114,200.29228642161934,147.75655653811103,45.36518488885502,homer
125.9761882261882,133.6487934850143,143.51654956833374,182.00274723201295,122.44182292011173,34.72751070837067,homer
74.14849964766651,147.16996976285617,156.29459363650426,104.7950380504726,105.77806956075536,59.61543424315552,homer
69.87131027825369,109.73149046650191,119.30632841555388,119.23925528113634,97.26767191621273,37.907782842049734,homer
67.2532527094415,91.61331780914826,101.3015300970326,143.81933110677437,65.21502894272147,43.22036556994862,homer
70.66823897621902,136.03308421115798,145.70518178843196,132.09844813622905,104.09130607308182,34.26368339802363,homer
72.2841614740048,115.95257651298655,125.05198918849712,86.0406880493177,96.71607932500159,46.411205543489174,homer
129.20139318134306,128.79829191413992,138.70111751532502,176.70880000724355,116.18519699169941,37.53664875824692,homer
78.54298186343577,138.98201322473352,148.03715749770393,104.65658125507444,97.19053451854249,66.25707509390978,homer
66.76076692189807,176.17321022221284,181.2015452472743,249.86996618241255,205.21695836358163,57.0350769263968,homer
74.63913182774837,135.53966209195005,145.1895313030523,130.91218430688565,103.15522284402279,32.89376840679705,homer
86.49277426467485,132.15142829345433,140.12494424619766,100.05498488331304,98.62048468751307,40.607881008493905,homer
52.640288753007425,140.81548210335396,149.76648490233055,100.58826969383657,97.82126558167197,34.14674215792775,homer
67.29784543356496,116.18519699169941,122.55610959882824,109.73604694903129,95.17877914745492,60.01666435249463,homer
84.29709366283039,123.59207094308275,132.07573584879245,136.49175799292792,101.0099005048515,26.019223662515376,homer
39.25557285278104,121.80722474467596,130.56033088193365,103.83640979926068,77.82673062643708,52.28766584960549,homer
83.06623862918075,141.7250859939764,150.29637387508723,89.49301648732151,95.3205119583398,59.464274989274024,homer
78.74642849044012,142.0176045425355,149.95332607181476,206.38313884617608,157.92086625902226,53.97221507405454,homer
93.53074360871938,134.0186554178186,143.96527359054335,163.1318485152424,114.7214016650773,43.42810150121693,homer
94.11694852681954,129.3560976529518,139.29106216839614,157.14324675276376,108.13417591122614,49.84977432245807,homer
123.60016181219181,135.5027674994131,144.42298985964803,225.33086783661042,142.90206436577463,26.90724809414742,homer
95.06313691436866,81.0617048920142,90.92854337335444,156.249799999872,63.095166217389426,58.728187440104094,homer
124.92397688194208,137.48454458592792,147.31259280862582,186.75384868858794,127.5617497528158,32.93933818400121,homer
120.95040305844375,141.124058898545,150.23648025696022,222.28135324403618,145.55411364849843,41.78516483155236,homer
67.15653356152326,130.77461527376022,134.6291201783626,185.66906042741746,137.01824696003084,63.58458932791813,homer
68.06614430096654,116.45170672858342,123.0690862889621,88.48163651289458,91.83681179135085,82.80700453464067,homer
72.69800547470336,138.23530663329106,147.15298162116866,100.48880534666536,95.02105029939419,53.71219600798314,homer
55.47071299343465,68.60029154456998,78.41555968046137,158.60958356921563,52.592775169218825,65.42935121182236,homer
81.10487038396646,80.78366171448283,90.22749026765624,156.36176003102548,62.41794613730894,42.21374183841087,homer
71.11258679024411,153.45683432157722,163.18700928689145,198.97235988950828,145.11719401917887,41.892720131306824,homer
70.8590149522275,103.4842983258813,113.16359838746733,139.26234236145822,74.95998932764064,18.384776310850235,homer
127.37346662472527,135.9632303234959,145.74292435655323,190.11838417154718,127.77323663428112,43.197222132910355,homer
120.54459755625716,130.2036865837523,140.14991972883894,167.5291019494822,113.32696060514462,33.54101966249684,homer
82.48030067840442,90.4267659490264,98.47842403288143,124.26986762687083,94.39279633531363,44.58699361921591,homer
79.78721702127478,142.0176045425355,149.95332607181476,208.02163349036562,157.92086625902226,53.48831648126533,homer
72.62919523166975,94.56214887575261,101.61200716450787,102.39628899525607,96.56086163658648,20.8806130178211,homer
116.91877522451216,132.88717018583847,142.81456508353762,173.38396696349983,118.10588469674151,47.4236228055175,homer
103.14068062602651,127.05117079350352,136.94159338929865,149.56938189348782,102.77159140540736,39.16631205513228,homer
78.7273777030583,110.86027241532469,118.49472562101657,92.44457799135652,95.88013350011565,36.02776706930364,homer
59.16924876994806,128.7400481590713,134.6291201783626,94.19660291114536,90.43229511629129,69.20260110718382,homer
71.17583859709698,83.24662155306964,93.1933474020544,168.5081600398034,73.68853370776216,57.0350769263968,homer
77.93587107359485,170.66048165876012,180.53808462482368,192.13016421166145,156.18898808814916,66.88049042882386,homer
57.15767664977295,154.69647701224486,162.49307677559682,202.0123758585102,161.20794025109308,56.444663166680336,homer
123.04877081872861,129.00775170508166,138.88124423405776,179.12565422071737,117.44360348695028,38.65229618017538,homer
51.61395160225576,112.7253298952813,121.95080975540917,83.03011501858829,84.870489570875,35.21363372331802,homer
99.20685460188726,140.77997016621364,149.1978552124661,240.51195396487051,153.26121492406355,21.95449840010015,homer
82.48030067840442,93.5147047260483,101.5381701627521,123.08127396155761,94.25497334358543,42.76680956068619,homer
80.60397012554654,120.6358155772986,129.406336784564,97.58585963140357,94.62557793746889,31.827660925679098,homer
125.9761882261882,133.85813385820077,143.6975991448709,184.35563457621794,123.60420704814217,26.248809496813376,homer
93.38094023943002,117.957619508025,127.61269529321916,190.71706793048176,114.03508232118746,58.489315263559035,homer
69.07966415668217,97.3755616158387,107.11209082078456,182.45273360517237,93.76566535784833,61.927376821564145,homer
79.328431221095,107.09341716464182,112.4544352171136,123.03251602726817,90.17760254076397,24.1039415863879,homer
50.33885179461288,151.04304022363957,158.43295111813072,60.07495318350236,98.10198774744578,51.468436929831086,homer
76.12489737267302,112.4144118874444,120.95453691366852,156.5662798944907,104.81412118603103,21.236760581595302,homer
69.98571282769076,152.64992630198026,161.01242188104618,79.51729371652434,104.5083728703112,19.1049731745428,homer
79.96249120681522,142.11966788590522,150.7348665704123,90.82400563727631,96.11451503285026,17.08800749063506,homer
81.0,126.27351266199891,136.12494260788506,145.51975810864997,100.32447358446493,37.97367509209505,homer
66.85057965343307,117.71575935277315,127.1770419533337,126.53853168106544,83.40863264674707,57.62811813689564,homer
98.68130522039117,95.42012366372201,105.13800454640558,170.55790805471318,85.35221145348257,82.22530024268686,homer
44.69899327725402,63.608175575157006,73.40980860893181,160.45871743224174,49.25444142409901,48.7134478352744,homer
92.00543462209176,124.40659146524351,134.3354011420668,160.69225245792032,105.34229919647663,25.337718918639855,homer
68.09552114493287,115.36897329871667,121.52777460317456,107.41508273980894,92.57969539807311,58.83026432033091,homer
76.14459928320589,171.87495454544853,181.79658962697843,165.46903033498444,147.98986451781082,37.3496987939662,homer
64.37390775772433,95.29428104561154,104.43179592442141,131.85598204101322,61.40846847137616,41.2189276910499,homer
75.45859791965393,139.91783303067555,149.85993460561767,170.42887079365397,122.78843593759146,48.641546028061235,homer
79.8060148109151,135.9301291105103,145.69145479402695,137.88400922514546,106.28734637763802,21.77154105707724,homer
74.5385806143369,159.2513736204495,168.90825912311098,202.62773748921938,151.132392292321,44.46346815083142,homer
66.89544080129826,113.17685275708986,120.93800064495858,90.75791976461338,97.6012295004525,19.131126469708992,homer
108.06479537758817,151.65091493294725,158.2308440222702,212.47352776287215,162.19741058352318,16.0312195418814,homer
104.88565202161828,126.13088440187835,130.66751700403586,276.92959394040935,160.43378696521503,58.81326381013045,homer
52.66877632905477,68.00735254367721,77.42092740338364,149.6996993984958,43.30127018922193,39.21734310225516,homer
52.08646657242167,131.73458164050928,141.14177269681716,83.8868285251028,92.32551110067033,48.91829923454004,homer
117.8516016013359,117.92370414806346,127.8632081562167,164.76953601925328,101.56771140475698,63.40346993658943,homer
88.82004278314665,87.3040663428686,97.14422267947796,156.70673246545599,69.51258878793107,65.612498809297,homer
58.215118311311535,62.96824596572466,72.84229540589725,166.6433316997713,54.35991169970753,31.96873472629156,homer
125.32757078951144,139.12943613772032,148.8959368149447,191.98437436416538,131.06105447462264,38.7556447501522,homer
62.71363488110062,141.71450172794596,150.47923444781344,94.77341399358788,96.91749068150702,60.77005841695399,homer
72.64296249465602,104.69957019969088,112.66321493726335,74.57211275000863,102.38163897887159,34.36568055487916,homer
78.01281945936834,92.22255689363638,97.9081201943945,119.07140714714008,95.9218431849597,50.17967716117751,homer
68.7386354243376,110.19074371289088,119.9208072020865,187.39530410338463,106.35788640246665,3.1622776601683795,homer
76.34788798650555,141.5450458334731,150.74481748969018,108.94952959971879,101.31633629380802,26.19160170741759,homer
122.7721466783081,132.61598696989742,142.56226709757388,166.49924924755666,114.96521212958292,38.48376280978771,homer
59.43904440685432,171.26003620226174,178.22738285684386,225.94247055390008,193.2097306038182,6.4031242374328485,homer
118.98739429031968,129.93459893346343,139.8713694792469,170.9678332318685,114.59930191759459,63.788713735268246,homer
31.464265445104548,120.39102956615996,129.9269025259973,127.83192089615176,86.74099376880577,75.33259586659682,homer
54.405882034941776,135.63554106501732,143.1817027416562,155.58277539625007,112.8583182578936,55.83009940883144,homer
117.45637488020819,129.6495275733776,138.58571354941316,222.12158832495322,137.3280743329637,22.978250586152114,homer
128.10152223919903,133.0187956643722,142.83206922816737,186.598499458061,123.9112585683803,26.038433132583073,homer
64.34283176858165,109.63576058932597,119.14277149705725,184.13310403075272,104.25929215182693,63.54525946126902,homer
111.95088208674373,126.57408897558773,136.1836994650975,197.51455642559614,123.77802712921223,27.459060435491963,homer
130.24976007655445,134.15662488300754,143.11184437355283,223.64927900621544,141.20198298890847,26.095976701399778,homer
120.93800064495858,113.19893992436502,120.73524754602526,104.66613587975817,97.96938297243685,63.387695966961914,homer
79.96874389409902,105.30906893520614,115.22586515188333,172.62966141425406,94.76286192385707,56.36488268416781,homer
95.09994742374992,114.74319151914854,122.34786471369249,79.03163923391695,90.82400563727631,38.05259518088089,homer
62.56196927846821,135.4252561378416,144.50951525764663,106.92520750505935,94.18067742376883,44.553338819890925,homer
86.18584570566097,136.35981812836215,145.2067491544384,70.9154426059656,90.12213934433647,120.9297316626478,homer
76.3544366752843,133.60014970051492,141.8802311810916,92.98386956886662,102.7277956543408,34.0147027033899,homer
87.57853618324526,106.77546534667971,114.02631275280281,86.68333173107735,98.59513172565875,14.352700094407323,homer
55.937465083787984,68.70953354520753,72.42927584892728,110.30865786510141,63.0,44.14748010928823,homer
76.4525996941896,123.40583454602137,132.77801022759755,205.03170486536953,124.93598360760602,38.52272056851645,homer
96.0260381354974,106.53168542738823,115.2128465059344,133.31166490596388,105.77806956075536,47.80167361086848,homer
58.35237784358063,150.49252473129687,159.20741188776356,90.11659114724658,104.96666137398103,53.150729063673246,homer
85.76129663198896,96.48315915225828,105.83950113261116,118.08471535300409,101.01980003939822,57.105166141076936,homer
75.45859791965393,83.23460818673925,92.05976319760984,109.29318368498559,97.75479527879949,25.96150997149434,homer
67.53517601961218,109.81347822558031,117.49042514179612,88.37986195961159,97.6012295004525,55.52476924760696,homer
130.17296186228538,160.08122938058665,166.520269036535,281.0622706803601,186.51005334833832,32.66496594212215,homer
71.90966555338719,121.73331507849443,130.81284340614266,86.61408661412992,95.85927185202274,35.73513677041127,homer
103.6532681587995,121.72510012318742,131.232617896619,127.47548783981962,88.01704380402695,63.72597586541927,homer
128.33160171991932,129.8345100502944,139.7211508684351,179.02513789968157,118.05507189443408,30.364452901377952,homer
106.08487168300671,128.47567863218313,138.42326394071193,164.61773901982738,110.57124400132251,48.03123983409131,homer
103.79306335203717,112.73420066687837,122.64583156389784,161.25755796240995,95.33624704172071,48.093658625644196,homer
114.96521212958292,136.45145656972664,146.3557310118056,178.14039407164228,123.08127396155761,32.55764119219941,homer
126.67280686871986,136.50641010589942,146.30447703334303,188.98412631752964,127.72626981165621,25.69046515733026,homer
67.80117993073571,110.67971810589327,120.17071190602142,185.23768515072737,105.64090116995405,62.75348595894893,homer
81.03085831953157,98.09179374443104,105.66456359631643,86.40023148117139,100.57832768544127,41.48493702538308,homer
108.15729286552988,164.20109622045769,172.14238292762187,213.2533704305749,163.682619724881,34.07345007480164,homer
74.29670248402684,108.48963084092415,118.05507189443408,116.41735265844177,95.63472172804185,36.30426972134269,homer
50.76416058598822,74.45804187594514,79.76841480184999,132.12494087037467,66.27216610312357,77.03246069028303,homer
41.88078318274385,125.05998560690786,133.57020625873122,165.71360837299994,108.12030336620407,55.66866263886712,homer
81.4186710773395,114.3241006962224,120.85114811204733,123.66891282775958,97.74968030638259,56.894639466297704,homer
75.75618786607468,145.7189074897283,154.48300877442801,93.22553298319082,100.7670581092849,35.17101079013795,homer
80.31811750782012,121.8031198286809,127.79280104919839,86.84468895678077,99.09086738948247,28.460498941515414,homer
104.47009141376301,148.22617852457776,156.12174736403637,222.60503138967906,157.8005069700348,24.351591323771842,homer
54.772255750516614,99.12113800799504,108.12030336620407,122.40914998479485,59.87486951969081,60.14149981501958,homer
78.7210264160726,156.41930827106992,165.9276950963883,213.59307104866488,153.22206107476822,57.52390807307862,homer
70.07139216541941,128.77111477346153,137.85862323409444,109.2291169972549,87.87491109526086,65.3299318842443,homer
106.08487168300671,139.5600229292042,145.45789768864392,210.5374076025446,152.29904792873788,16.09347693943108,homer
126.68859459319927,147.3024100278064,156.0416611036937,236.17154782064668,155.91023058157538,28.372521918222215,homer
73.00684899377592,108.28665661105249,116.50321883965266,88.41379982785493,97.4268956705488,39.11521443121589,homer
68.1615727518079,104.69957019969088,114.24972647669665,134.24231821597837,73.3621155638249,87.80091115700337,homer
78.3198569968051,145.24806367039804,153.7595525487766,86.89073598491383,98.37174391053561,44.22668877499196,homer
60.959002616512684,71.62401831787993,81.29575634681062,152.44999180059014,50.19960159204453,41.7612260356422,homer
122.494897852931,125.55078653676368,135.36617007214173,184.7863631332139,117.18788333270638,27.018512172212592,homer
62.49799996799898,96.93296652842108,105.16178012947479,89.5377015563835,97.28309205612247,48.518037882832814,homer
77.98717843338096,155.80757362849857,165.34509366775902,211.87024330943692,152.07235120165663,56.868268832451726,homer
104.5083728703112,129.7304898626379,139.64598096615597,153.11107079502776,106.72394295564608,36.742346141747674,homer
104.83320084782301,113.29607230614837,121.23943252918994,86.63140308225418,103.32473082471591,41.340053217188775,homer
155.8717421471897,162.5607578722491,171.0818517552344,250.28184113115358,172.4702872961021,40.2119385257662,homer
82.22530024268686,137.26616480400406,146.30447703334303,104.54185764563398,95.35197952848173,33.67491648096547,homer
129.1743008496659,119.74973903938162,129.1317157014496,204.41379601191306,121.94260945215171,22.315913604421397,homer
84.2436941260294,91.49316914393118,99.59919678390986,125.44720004846661,96.67471230885562,43.70354676682432,homer
80.02499609497022,178.91059219621403,188.5895012984551,209.73793171479497,169.05324604987624,58.32666628567074,homer
73.7360156233031,134.22741895752895,141.69685952765502,87.20665112249179,97.14936952960632,48.14561246884289,homer
71.87489130426563,98.21405194777374,108.07867504739313,135.05924625881784,87.78382538941898,26.645825188948457,homer
107.35455276791944,121.40016474453401,129.30970574554718,239.88538930080756,140.06427096158393,62.52199612936234,homer
134.4953530795767,141.0709041581573,149.11069713471264,248.8453334905037,157.16551784663199,23.853720883753127,homer
112.94689017409908,127.1573827978541,136.8575902169843,192.86783039169595,122.10241602851272,19.261360284258224,homer
82.64381404557754,136.88316185711082,146.52644812456214,129.71507237017602,104.05287117614775,42.731721238442994,homer
110.73391531053167,144.512975196001,151.4034345713465,189.2854986521683,140.09282636880448,24.124676163629637,homer
40.162171256046406,145.43039572248986,154.1071056116492,90.83501527494779,99.74968671630002,36.24913792078372,homer
75.96051605933177,145.1240848377691,154.22710527011782,104.56576877735849,103.59054010864119,44.87761134463375,homer
71.20393247567159,144.53719244540486,154.41502517566093,86.70640114778148,99.37303457175895,37.53664875824692,homer
122.00409829181969,140.28898745090436,150.09996668887038,188.6743225772919,130.57947771376635,9.9498743710662,homer
63.229739838148944,145.24462124292245,153.78881623837282,87.25250712730265,98.5190336940025,46.0,homer
104.09130607308182,125.99206324209474,135.9301291105103,169.2010638264429,110.47171583713181,44.50842616853577,homer
61.85466837676846,116.67476162392619,122.5805857385255,86.53900854527974,87.74964387392122,99.65440281292142,homer
78.26876771739798,127.85147633093644,137.43725841270262,129.07749610214788,98.62048468751307,53.76802023508026,homer
60.315835400000886,65.4446330878247,74.24284477308234,98.35649444749441,81.32035415564789,43.278170016764804,homer
104.20652570736632,92.4824307639024,101.93134944657605,120.07497657713701,97.53460924205315,71.16881339463234,homer
64.65291950097846,82.10968274204937,91.08786966440702,102.23013254417701,91.0494371207203,26.38181191654584,homer
103.435970532499,135.6171080653175,145.557548756497,170.66048165876012,119.2560271013587,37.44329045369811,homer
70.94363960215179,97.57561170702442,105.57461816175325,111.74972035759194,106.38138934982942,46.62617290749907,homer
68.07348970047003,108.70602559196064,112.25862995778988,84.95881355103778,87.75534171775527,50.46781152378217,homer
102.44022647378324,125.4631419979589,135.3883303686104,154.7449514523818,103.59054010864119,49.33558553417604,homer
57.18391382198319,131.79529581893277,136.1800279042415,75.25955088890711,107.42904635153381,66.79071791798619,homer
120.10828447696687,131.0,140.94679847375036,167.55297669692413,114.02192771568107,45.639894828976104,homer
56.859475903318,71.5122367151245,81.4186710773395,162.9570495560103,59.1100668245266,29.427877939124322,homer
73.01369734508724,54.12947441089743,63.631753079732135,159.8155186457185,38.47076812334269,32.341923257592455,homer
75.26619427073486,136.12494260788506,145.38569393169328,112.75194011634566,97.0051545022222,24.20743687382041,homer
40.124805295477756,138.87404365107253,148.75819305167698,96.01041610158765,99.05049217444606,58.111960903070546,homer
58.557663887829406,79.98124780221924,89.3420393767682,185.29436041067197,82.14012417813842,29.086079144497972,homer
106.7379969832674,130.866344030847,140.78707327024026,154.32757368662283,108.28665661105249,63.06346010171025,homer
79.37883848986453,138.7155362603627,148.51599240485854,142.3903086589814,110.55315463612968,65.97726881282674,homer
70.75309180523492,140.95034586690448,149.78651474682226,97.06698717895802,96.83491106000976,35.07135583350036,homer
94.01063769595439,90.38252043398657,98.78258955909183,217.70622407271685,108.66922287382016,65.11528238439882,homer
94.66255859631093,133.39040445249427,140.2640367307315,184.39631232755173,147.68547660484427,57.227615711297986,homer
73.41661937191061,115.73677030226824,119.43198901466893,136.79912280420515,93.94147114027967,42.17819341792628,homer
84.01190391843289,176.44829270922403,186.07794065928394,211.86080335918675,167.91069054708817,58.146367040426526,homer
78.46018098373213,132.3555816730069,141.41074923781431,106.82228231974825,90.87353850269065,33.481338085566414,homer
60.96720429870473,70.80960386840192,80.62877898120497,157.8448605435096,54.16641025580336,43.174066289845804,homer
94.53570753953238,122.5805857385255,132.51792331605563,157.64199947983406,102.30347012687302,25.787593916455254,homer
125.21182052825525,171.24543789543708,177.75826281779422,242.5716389028198,184.05433980213562,40.80441152620633,homer
103.64362016062542,127.85147633093644,137.80058055030102,164.58736281987143,110.0272693471941,38.61346915261564,homer
76.82447526667526,85.07055894961546,94.51983918733676,184.80259738434415,85.65628990331066,47.968739820845826,homer
62.177166226839255,146.0753230357544,155.746589047722,131.49524706239384,113.48127598859647,57.85326265648291,homer
119.47384651043926,130.0884314610642,140.0142849854971,173.28012003689287,115.72812968332289,41.72529209005013,homer
127.16917865583626,133.60014970051492,143.31085094995424,194.05153954555476,127.62836675285006,17.4928556845359,homer
106.89246933250256,134.94072772888103,144.8792600754159,171.1899529762188,118.90752709563849,35.24202037341219,homer
58.974570791146924,135.26270735128733,137.47363383572866,80.55432949258531,97.21111047611791,44.24929377967517,homer
71.02816342831905,162.16349774224778,171.81967291320282,130.77461527376022,128.32380917039518,42.485291572496,homer
55.14526271584895,119.0546093185812,128.93796958227628,153.4177303964571,97.23168207945392,39.93745109543172,homer
70.44856279584417,64.07807737440318,68.09552114493287,125.1758762701504,59.91660871578097,41.31585652022719,homer
72.53275122315436,89.40917178902845,92.54728521139883,181.69479904499192,134.02984742213206,62.27358990776106,homer
80.1373820385967,134.78130434151467,144.23938435808716,120.80976781701055,98.62048468751307,24.657656011875904,homer
73.65459931328118,62.72160712226688,71.02816342831905,104.22091920531118,87.25823743349392,94.76286192385707,homer
66.19667665374146,113.25193155085701,120.33702672078948,113.79367293483412,90.70832376358854,79.66806135459805,homer
58.540584213005594,115.58979193683152,125.49900398011133,74.01351227985333,93.65361712181756,43.73785545725808,homer
94.18067742376883,101.7152889196113,111.46748404803976,153.6326788154135,81.03085831953157,55.31726674375732,homer
71.81225522151495,110.6752004741803,119.02100654926423,87.8521485223896,98.2700361249552,37.376463182061514,homer
74.43789357578571,125.62245022288015,134.8109787814034,87.86353054595519,99.04039579888602,36.40054944640259,homer
126.60568707605516,127.29886095327012,137.23702124426922,168.6594201341864,111.33283433021904,39.05124837953327,homer
74.5385806143369,158.56859714331839,165.87646005386057,203.24615617521528,151.94735930578062,51.12729212465687,homer
142.22165798499185,150.7348665704123,159.80613254815975,227.79376637651873,154.79341071247185,24.289915602982237,homer
111.36426715962351,66.89544080129826,76.83749084919418,172.70205557549104,62.96824596572466,61.13918547053109,homer
44.14748010928823,89.92218858546538,96.79359482941007,231.43033509028155,119.14696806885183,29.899832775452108,homer
63.63961030678928,77.62087348130012,81.93900170248598,124.18131904598211,63.89053137985315,31.54362059117501,homer
70.45565981523414,138.20998516749793,147.35331689514152,219.97499857938402,142.44999122499095,29.427877939124322,homer
83.18653737234169,106.2449998823474,115.94395197680645,173.2656919300529,95.90620417887469,46.07602413403309,homer
116.99572641767733,121.99180300331658,131.91285001848757,163.69789247268884,104.60401521930217,46.78675026115834,homer
74.68600939935136,123.26394444443193,132.20060514233663,105.68348972285122,94.62557793746889,47.81213235152768,homer
73.17103251970687,101.1236866416568,110.29505881951376,172.47898422706461,109.1146186356347,24.535688292770594,homer
133.5889216963742,111.20251795710384,120.91732712891069,183.38211472223784,105.14751542475932,58.38664230798,homer
80.75270893288967,143.93748643074187,152.5417975507041,89.67162315916892,97.76502442080194,49.44694126030446,homer
50.96076922496363,100.0199980003999,108.16191566350885,89.09545442950498,88.34591105421914,43.116122274620196,homer
82.73451516749222,138.40520221436765,147.305804366291,99.90495483208028,95.00526301210897,54.433445601027316,homer
73.74279625834649,121.64292005702592,127.4441053952673,110.09995458672996,100.4937809021036,27.477263328068172,homer
176.15334229017625,150.74813431681335,158.15814869933197,266.39819819210487,171.24543789543708,58.215118311311535,homer
73.45066371381542,137.56816492197603,146.60832172833847,222.89459392277777,143.26548781894402,33.97057550292606,homer
64.81512169239521,106.23088063270491,116.0775602776006,163.57872722331592,90.80198235721508,80.58535847162312,homer
101.6070863670443,114.8607853011636,123.74974747448982,149.78985279383915,123.94756956068159,45.639894828976104,homer
68.4324484437025,93.13431161500041,103.07764064044152,161.7930777258409,78.12809993849844,60.728905802755904,homer
79.78095010715278,143.8401890988746,152.3975065412817,88.51553535961922,97.3139250056229,62.849025449882674,homer
140.60227594174995,102.49390225764652,110.58933040759402,85.0235261559999,62.72160712226688,21.447610589527216,homer
64.1482657598785,116.70903992407786,123.84667940643382,161.27616066858735,131.38112497615478,42.82522621072771,homer
120.3577999134248,133.59640713731787,143.05593311708537,159.0628806478746,112.68540278137182,71.27411872482185,homer
118.54956769216832,98.9595877113481,108.78419002777932,152.7612516314265,78.18567643756751,47.53945729601885,homer
67.45368781616021,149.3820605025918,157.74663229368798,81.10487038396646,101.31633629380802,22.561028345356956,homer
79.435508432942,118.36384583140241,127.98828071350908,193.91492980170455,115.80155439371269,24.71841418861655,homer
80.82697569499925,139.05394636614957,148.60349928585129,124.69562943423479,104.33599570617994,81.2896057316063,homer
144.9310180741169,105.09995242624994,110.94593277808791,196.1504524593303,107.52674086012279,61.91930232165088,homer
75.2994023880668,89.08984229416954,99.00505037623081,158.71987903221196,72.50517222929686,52.839379254491625,homer
74.19568720619817,133.91788528796295,141.82030884185804,91.87491496594704,97.47820269167872,30.528675044947494,homer
45.18849411078001,97.0,101.24228365658294,102.27903010881556,90.93954035511726,52.73518749374084,homer
66.37770710110436,114.8303095876694,120.08746812219833,127.40486646906389,103.58088626768937,69.75672010638115,homer
63.190189111918315,134.16780537819048,143.29689459300923,116.94443124834974,96.23408959407264,50.40833264451424,homer
75.71657678474378,91.87491496594704,101.45935146648632,189.87364219396014,93.81364506296512,43.78355855797927,homer
59.74110812497538,141.0283659410404,148.08781178746617,93.06449376641986,98.20386957752734,68.21290200541243,homer
89.3532316147547,94.32391001225511,103.85566907973777,192.85227507084275,97.24710792614863,47.86439177509728,homer
37.456641600656084,100.21476937058729,109.41663493271945,126.15070352558483,63.66317616958802,37.54996671103717,homer
84.8528137423857,131.71560272040668,140.8900280360537,110.86027241532469,91.70059977993601,37.69615364994153,homer
66.49060083951716,92.70382947861431,100.74224535913422,75.19308478842984,99.90495483208028,9.273618495495704,homer
158.97484077677197,101.02474944289642,110.54863183232979,191.66898549321954,101.46920715172658,27.440845468024488,homer
70.51950084905593,124.88394612599332,134.79985163196582,153.0,102.30347012687302,20.322401432901575,homer
168.0773631397161,96.81941953967706,106.40018796975878,174.15223225672418,88.56635930193812,63.76519426771944,homer
82.3164625090267,140.66627172140448,150.2531197679436,126.65701717630967,106.56922632730333,19.44222209522358,homer
105.38500842150178,106.25441167311595,115.53787257864843,125.39936203984452,70.28513356322232,38.44476557348217,homer
129.6495275733776,106.68645649753299,114.26723064816089,113.8859078200635,67.32013071882734,38.07886552931954,homer
91.14274518577987,108.02777420645118,117.90250209389112,166.0210829985156,93.64827814754524,35.4964786985977,homer
90.44335243676011,131.988635874457,141.1594842722231,110.95945205344158,91.98369420718001,44.98888751680797,homer
91.79324593890337,89.40357934669059,94.75230867899737,166.43917808016238,108.75201147565042,41.44876355212541,homer
85.98837130682264,139.2300254973761,148.2362978490761,102.85912696499032,96.87620966986684,5.744562646538029,homer
85.47514258543241,57.697486947006624,64.26507605223851,140.65916251705752,78.91767862779544,17.291616465790582,homer
79.36623967405788,143.8401890988746,152.3975065412817,88.51553535961922,97.3139250056229,64.93843238021688,homer
82.41359111214607,105.29007550571896,112.27199116431488,92.66067126888301,98.55455342093535,74.59892760623305,homer
85.07643622061282,84.59905436823747,90.76342875850384,156.65567337316577,107.11675872616759,45.65084884205331,homer
77.98717843338096,102.57680049601859,112.0044641967453,144.8481963988506,81.74350127074322,42.08325082500163,homer
75.17978451685,135.57654664432192,144.68586662144995,107.41508273980894,94.5568612000208,48.85693400122443,homer
85.23496934944014,138.97841559033546,148.05404418657398,105.19505691808908,97.3909646733207,68.54195795277518,homer
99.4786409235671,88.76936408468859,97.54486147409304,125.39936203984452,48.27007354458868,67.02984409947557,homer
80.24961059095551,132.4537655183876,141.68627315304755,112.5921844534513,93.13431161500041,39.74921382870358,homer
75.82216034906945,88.32893070789434,98.2496819333274,159.439643752738,72.26340706055866,54.772255750516614,homer
77.91020472312982,89.52094726934027,99.06058752097123,151.2646687101783,67.63135367564367,51.24451190127583,homer
89.38679992034618,132.01893803541975,139.52060779684126,180.15826375717546,149.10399055692642,50.53711507397311,homer
67.14908785679818,106.42368157510809,113.28283188550682,85.55699854482975,99.72462083156798,71.06335201775947,homer
80.00624975587844,71.02816342831905,80.33679107357973,117.23907198540937,79.96874389409902,47.644516998286385,homer
64.35837163881635,112.64990013311153,119.70380110923796,75.66372975210778,100.58826969383657,59.1100668245266,homer
59.42221806698232,144.71351008112546,153.2481647524694,87.22958213817145,97.93875637356236,59.89991652748775,homer
101.67103815738285,152.50245899656832,162.44999230532454,165.2513237465891,131.44200241931802,43.68065933568311,homer
99.42836617384397,99.1463564635635,109.01834707974616,151.68717810019407,77.7174369109018,39.25557285278104,homer
31.496031496047245,159.2262541165872,166.6553329479738,56.124860801609124,106.55045753069294,39.25557285278104,homer
75.64390259630977,40.755367744629666,47.686476070265456,97.59610647971567,79.50471684120383,51.710733895391584,homer
62.90468980926621,64.96922348312314,72.6773692424265,96.79359482941007,88.07950953541919,58.90670590009256,homer
80.2122185206219,108.39741694339399,117.5967686630887,110.07270324653611,84.21995013059554,60.61352984276695,homer
70.73895673530957,131.6662447250623,140.49555153100044,106.85036265731624,94.30800602281866,26.570660511172846,homer
77.3950902835574,62.20932405998316,69.28924880528002,111.79892664958818,85.98837130682264,26.30589287593181,homer
84.50443775329198,100.33444074693395,108.92199043352082,184.1548261653764,114.26723064816089,36.40054944640259,homer
66.34003316248794,52.952809179494906,59.69087032369355,103.38762014864255,89.07300376657341,69.72804313904126,homer
126.58988901172162,136.12126946219684,145.96574940718114,183.940207676299,125.29565036345036,53.25410782277739,homer
82.68615361715648,96.8039255402383,105.29957264870546,120.09995836801943,94.28149341201592,32.802438933713454,homer
92.45539465060976,83.90470785361212,89.45948803788227,156.29459363650426,78.36453279386026,41.92851058647326,homer
90.9945053286186,85.21736912155878,94.8525170989152,152.66630276521403,64.66838485689897,42.20189569201838,homer
85.15280382935138,133.04886320446334,142.52368224263643,121.89749792346026,97.27281223445738,58.38664230798,homer
82.44998483929515,141.9929575718458,151.85848675658534,147.1631747415093,115.42096863222038,36.76955262170047,homer
83.89278872465738,107.30330842988953,114.89560478973945,162.8066337714775,121.0495766204905,40.01249804748511,homer
73.81056834898374,106.30616162763097,114.91736161259533,109.71781988355401,94.36630754670864,39.30648801406709,homer
88.75809822207775,130.28046668629952,138.97481786280562,162.00617272190587,111.05404089901457,54.89080068645383,homer
88.02840450672726,119.69962405956002,129.56465567430033,147.31259280862582,94.96315074806648,32.341923257592455,homer
77.6273147803014,117.05554237198682,125.78155667664477,110.95945205344158,96.75226095549395,22.135943621178654,homer
74.39085965358916,106.3296760081587,115.96982366115765,137.29166034395533,76.8505042273634,44.37341546466758,homer
74.3370701601832,86.08716512930368,94.08506789071261,107.39646176667088,93.73899935459093,53.749418601506754,homer
106.155546251715,95.5928867646542,105.43718509140881,157.41346829290052,77.57576941287789,61.98386886924694,homer
82.92767933567175,94.49338601193207,104.0096149401583,193.91235133430774,98.02550688468793,50.1398045468867,homer
